station_id,visit_date,visit_time,visit_type,campaign_opened,observers,camera_unit_id,camera_working,camera_datetime_observed,clock_adjusted,camera_datetime_after,card_changed,batteries_changed,moved,lat,lon,height_m,bearing_deg,detection_distance_m,notes,source_sheet,data_flags
CT01,2024-12-10,15:13,instalacion,otono_2025,SC,,,,,,,,,,,,,,"Cruzando la quebrada al final del sendero Quetrupillán, en el límite de BP. Track en Avenza SC. Bosque de Araucaria-Lenga-Coihue. Sotobosque de abundante canelo enano, chaura, taique, maitén enano, luma blanca",Registro de instalacion,
CT01,2025-05-28,,revision,primavera_2025,,,,,,,yes,yes,yes,-39.45183,-71.72707,,,,"Se sacó la cámara de la quebrada por estar muy lejos del camino. Se reinstaló en un punto cercano al sendero Quetrupillán, al lado de la parcela de vegetación 1300. Punto actualizado en cartografía.",Registro de revisión_Otoño 2025,
CT01,2025-11-24,,revision,otono_2026,,,,,,,,,,,,,,,,Registro de revisión_Primavera,
CT01,2026-05-13,12:00,revision,,,,,,,,yes,yes,,-39.45183,-71.72707,,,,,Registro de revisión Mayo 2026,"all cameras raised to 1.5-2 m at this visit; exact height per station not recorded; clock set back 1 h at this visit for horario de invierno (sheet note, applies to every station). Chile left summer time 2026-04-04, so frames between that date and this visit read 1 h AHEAD of local time"
CT02,2024-12-10,16:37,instalacion,otono_2025,SC,,,,,,,,,,,,,,"Quebrada seca, a un costado del camino Araucarias. Bosque de Coihue.",Registro de instalacion,
CT02,2025-05-14,,revision,primavera_2025,,,,,,,yes,yes,yes,-39.45163,-71.73252,,,,"Se movió 8 m hacia el norte a un árbol cercano (tronco anterior podrido) | La CT se encontraba en modo ""camera"" (no híbrido). Probablemente debido al bajo nivel de batería, prioriza registro fotográfico",Registro de revisión_Otoño 2025,
CT02,2026-01-08,,revision,otono_2026,,,,,,,,,,,,,,,,Registro de revisión_Primavera,"date_swapped: Excel stored 2026-08-01 (locale m/d/y misparse), read as 2026-01-08"
CT02,2026-05-13,14:00,revision,,,,,,,,yes,yes,,-39.45163,-71.73252,,,,,Registro de revisión Mayo 2026,"all cameras raised to 1.5-2 m at this visit; exact height per station not recorded; clock set back 1 h at this visit for horario de invierno (sheet note, applies to every station). Chile left summer time 2026-04-04, so frames between that date and this visit read 1 h AHEAD of local time"
CT03,2024-10-09,17:20,instalacion,otono_2025,"FG, SC, TAO, FA, MH",,,,,,,,,,,,,,Sendero santuario de anfibios,Registro de instalacion,
CT03,2025-06-05,,revision,primavera_2025,,,,,,,yes,yes,,-39.43796,-71.74220,2,,,Se subió 2 m aprox sobre el nivel del suelo,Registro de revisión_Otoño 2025,"date_ambiguous_source: '5/6/2025' read d/m/y as 2025-06-05; height_m approximate, from field remark"
CT03,2026-01-13,,revision,otono_2026,,,,,,,,,,,,,,,,Registro de revisión_Primavera,
CT03,2026-05-14,14:48,revision,,,,,,,,yes,yes,,-39.43796,-71.74220,,,,Le falta cinta marcadora,Registro de revisión Mayo 2026,"all cameras raised to 1.5-2 m at this visit; exact height per station not recorded; clock set back 1 h at this visit for horario de invierno (sheet note, applies to every station). Chile left summer time 2026-04-04, so frames between that date and this visit read 1 h AHEAD of local time"
CT04,2024-10-09,16:15,instalacion,otono_2025,"FG, SC, TAO",,,,,,,,,,,,,,Laguna,Registro de instalacion,
CT04,2025-05-14,,revision,primavera_2025,,,,,,,yes,yes,,-39.43774,-71.74829,1.5,,,"Memoria llena | Se subió a 1,5 m sobre el nivel del suelo",Registro de revisión_Otoño 2025,"height_m approximate, from field remark"
CT04,2025-11-21,,revision,otono_2026,,,,,,,,,,,,,,,,Registro de revisión_Primavera,
CT04,2026-05-13,17:20,revision,,,,,,,,yes,yes,,-39.43774,-71.74829,,,,,Registro de revisión Mayo 2026,"all cameras raised to 1.5-2 m at this visit; exact height per station not recorded; clock set back 1 h at this visit for horario de invierno (sheet note, applies to every station). Chile left summer time 2026-04-04, so frames between that date and this visit read 1 h AHEAD of local time"
CT05,2024-12-11,15:28,instalacion,otono_2025,"SC, RR",,,,,,,,,,,,,,"Fondo de quebrada cerca del sendero 3 hermanas. TC instalada en puente natural que cruza el estero. Bosque de Araucaria-Lenga-Coihue, sotobosque de corcolén, chaura, canelo enano, maitén enano",Registro de instalacion,
CT05,2025-05-28,,revision,primavera_2025,,,,,,,yes,yes,,-39.45579,-71.73253,2,,,Se subió 2 m aprox sobre el nivel del suelo,Registro de revisión_Otoño 2025,"height_m approximate, from field remark"
CT05,2026-01-08,,revision,otono_2026,,,,,,,,,,,,,,,,Registro de revisión_Primavera,"date_swapped: Excel stored 2026-08-01 (locale m/d/y misparse), read as 2026-01-08"
CT05,2026-05-14,11:00,revision,,,,,,,,yes,yes,,-39.45579,-71.73253,,,,,Registro de revisión Mayo 2026,"all cameras raised to 1.5-2 m at this visit; exact height per station not recorded; clock set back 1 h at this visit for horario de invierno (sheet note, applies to every station). Chile left summer time 2026-04-04, so frames between that date and this visit read 1 h AHEAD of local time"
CT06,2024-10-09,11:44,instalacion,otono_2025,"FG, SC, TAO",,,,,,,,,,,,,,Cruzando pasarela atrás del sendero El Changle,Registro de instalacion,
CT06,2025-05-14,,revision,primavera_2025,,,,,,,yes,yes,,-39.42418,-71.75465,2,,,Se subió a 2 m sobre el nivel del suelo,Registro de revisión_Otoño 2025,"height_m approximate, from field remark"
CT06,2025-11-13,,revision,otono_2026,,,,,,,,,,,,,,,,Registro de revisión_Primavera,
CT06,2026-05-13,15:00,revision,,,,,,,,yes,yes,,-39.42418,-71.75465,,,,,Registro de revisión Mayo 2026,"all cameras raised to 1.5-2 m at this visit; exact height per station not recorded; clock set back 1 h at this visit for horario de invierno (sheet note, applies to every station). Chile left summer time 2026-04-04, so frames between that date and this visit read 1 h AHEAD of local time"
CT07,2024-12-11,16:28,instalacion,otono_2025,"SC, RR",,,,,,,,,,,,,,"Costado del camino araucarias, bosque de Coihue-Araucaria, sotobosque de abundante canelo enano y colihue",Registro de instalacion,
CT07,2025-06-04,,revision,primavera_2025,,,,,,,yes,yes,,-39.44718,-71.73228,2,,,Se subió a 2 m aprox sobre el nivel del suelo,Registro de revisión_Otoño 2025,"date_ambiguous_source: '4/6/2025' read d/m/y as 2025-06-04; height_m approximate, from field remark"
CT07,2026-01-08,,revision,otono_2026,,,,,,,,,,,,,,,,Registro de revisión_Primavera,"date_swapped: Excel stored 2026-08-01 (locale m/d/y misparse), read as 2026-01-08"
CT07,2026-05-14,15:00,revision,,,,,,,,yes,yes,,-39.44718,-71.73228,,,,,Registro de revisión Mayo 2026,"all cameras raised to 1.5-2 m at this visit; exact height per station not recorded; clock set back 1 h at this visit for horario de invierno (sheet note, applies to every station). Chile left summer time 2026-04-04, so frames between that date and this visit read 1 h AHEAD of local time"
CT08,2024-10-09,15:40,instalacion,otono_2025,"FG, SC, TAO",,,,,,,,,,,,,,Acueducto,Registro de instalacion,"install date corrected 2024-09-09 -> 2024-10-09 (confirmed by Felipe 2026-08-11): the otono_2025 sheet records ""las primeras fotos dicen septiembre, debe decir octubre"", and CT03/CT04/CT06/CT09/CT10 were all installed 2024-10-09; the sheet had transcribed the camera clock"
CT08,2025-06-05,,revision,primavera_2025,,,,,,,yes,yes,,-39.44286,-71.74485,2,,,"Se subió 2 m aprox sobre el nivel del suelo | Error en la fecha de la cámara trampa (las primeras fotos dicen septiembre, debe decir octubre)",Registro de revisión_Otoño 2025,"date_ambiguous_source: '5/6/2025' read d/m/y as 2025-06-05; clock_state from field remark; height_m approximate, from field remark"
CT08,2026-01-13,,revision,otono_2026,,,,,,,,,,,,,,,,Registro de revisión_Primavera,
CT08,2026-05-13,16:17,revision,,,,,,,,yes,yes,,-39.44286,-71.74485,,,,,Registro de revisión Mayo 2026,"all cameras raised to 1.5-2 m at this visit; exact height per station not recorded; clock set back 1 h at this visit for horario de invierno (sheet note, applies to every station). Chile left summer time 2026-04-04, so frames between that date and this visit read 1 h AHEAD of local time"
CT09,2024-10-09,12:46,instalacion,otono_2025,"FG, SC, TAO, RR",,,,,,,,,,,,,,costado sendero salto mariposa,Registro de instalacion,
CT09,2025-05-14,,revision,primavera_2025,,,,,,,yes,yes,,-39.42885,-71.75478,2,,,"Se subió a 2 m sobre el nivel del suelo | La CT se encontraba en modo ""camera"" (no híbrido). Probablemente debido al bajo nivel de batería, prioriza registro fotográfico",Registro de revisión_Otoño 2025,"height_m approximate, from field remark"
CT09,2025-11-21,,revision,otono_2026,,,,,,,,,,,,,,,,Registro de revisión_Primavera,
CT09,2026-05-13,15:30,revision,,,,,,,,yes,yes,,-39.42885,-71.75478,,,,,Registro de revisión Mayo 2026,"all cameras raised to 1.5-2 m at this visit; exact height per station not recorded; clock set back 1 h at this visit for horario de invierno (sheet note, applies to every station). Chile left summer time 2026-04-04, so frames between that date and this visit read 1 h AHEAD of local time"
CT10,2024-10-09,15:00,instalacion,otono_2025,"FG, SC, TAO",,,,,,,,,,,,,,Camino,Registro de instalacion,
CT10,2025-05-28,,revision,primavera_2025,,,,,,,yes,yes,,-39.44675,-71.74390,2,,,"Se subió a 2 m sobre el nivel del suelo, en el mismo sentido de disparo",Registro de revisión_Otoño 2025,"height_m approximate, from field remark"
CT10,2025-11-25,,revision,otono_2026,,,,,,,,,,,,,,,,Registro de revisión_Primavera,
CT10,2026-05-14,10:05,revision,,,,,,,,yes,yes,,-39.44675,-71.74390,,,,,Registro de revisión Mayo 2026,"all cameras raised to 1.5-2 m at this visit; exact height per station not recorded; clock set back 1 h at this visit for horario de invierno (sheet note, applies to every station). Chile left summer time 2026-04-04, so frames between that date and this visit read 1 h AHEAD of local time"
CT11,2024-10-22,17:25,instalacion,otono_2025,"FG, ME,BP",,,,,,,,,,,,,,Costado del camino,Registro de instalacion,
CT11,2025-05-29,,revision,primavera_2025,,,,,,,yes,yes,,-39.45130,-71.74873,,,,Camino Puma,Registro de revisión_Otoño 2025,
CT11,2025-11-25,,revision,otono_2026,,,,,,,,,,,,,,,,Registro de revisión_Primavera,
CT11,2026-05-13,15:54,revision,,,,,,,,yes,yes,,-39.45130,-71.74873,,,,,Registro de revisión Mayo 2026,"all cameras raised to 1.5-2 m at this visit; exact height per station not recorded; clock set back 1 h at this visit for horario de invierno (sheet note, applies to every station). Chile left summer time 2026-04-04, so frames between that date and this visit read 1 h AHEAD of local time"
CT12,2024-10-22,16:29,instalacion,otono_2025,FG,,,,,,,,,,,,,,En un tronco caído en una zona de coligue,Registro de instalacion,
CT12,2025-05-29,,revision,primavera_2025,,,,,,,yes,yes,yes,-39.45905,-71.75111,,,,"Se movió la cámara a un árbol cercano. | SD llena, instalación se hizo con nieve que se derritió a los pocos días y la cámara se tapó con ramas. La memoria se llenó de fotos de canelo enano",Registro de revisión_Otoño 2025,
CT12,2025-11-25,,revision,otono_2026,,,,,,,,,,,,,,,,Registro de revisión_Primavera,
CT12,2026-05-13,15:04,revision,,,,,,,,yes,yes,,-39.45905,-71.75111,,,,"Vegetación muy densa, considerar cambiar",Registro de revisión Mayo 2026,"all cameras raised to 1.5-2 m at this visit; exact height per station not recorded; clock set back 1 h at this visit for horario de invierno (sheet note, applies to every station). Chile left summer time 2026-04-04, so frames between that date and this visit read 1 h AHEAD of local time"
CT13,2024-10-22,16:54,instalacion,otono_2025,"FG, ME,BP",,,,,,,,,,,,,,"Claro despejado al lado del camino, al costado de un riachuelo",Registro de instalacion,
CT13,2025-05-29,,revision,primavera_2025,,,,,,,yes,yes,,-39.45556,-71.75083,2,,,Se subió a 2 m aprox sobre el nivel del suelo,Registro de revisión_Otoño 2025,"height_m approximate, from field remark"
CT13,2025-11-25,,revision,otono_2026,,,,,,,,,,,,,,,,Registro de revisión_Primavera,
CT13,2026-05-13,15:34,revision,,,,,,,,yes,yes,,-39.45556,-71.75083,,,,,Registro de revisión Mayo 2026,"all cameras raised to 1.5-2 m at this visit; exact height per station not recorded; clock set back 1 h at this visit for horario de invierno (sheet note, applies to every station). Chile left summer time 2026-04-04, so frames between that date and this visit read 1 h AHEAD of local time"
CT14,2024-12-11,17:11,instalacion,otono_2025,"SC, RR",,,,,,,,,,,,,,Sendero a la cascada de la felicidad. Bosque de Raulí-Coihue,Registro de instalacion,
CT14,2025-06-04,,revision,primavera_2025,,,,,,,yes,yes,,-39.44709,-71.73836,2,,,"Se subió a 2 m aprox sobre el nivel del suelo | Cámara instalada muy baja en sendero a la cascada de la felicidad. Luego de unos días de la instalación, creció la vegetación herbácea tapando la cámara y llenando la memoria con fotos de plantas.",Registro de revisión_Otoño 2025,"date_ambiguous_source: '4/6/2025' read d/m/y as 2025-06-04; height_m approximate, from field remark"
CT14,2026-01-08,,revision,otono_2026,,,,,,,,,,,,,,,,Registro de revisión_Primavera,"date_swapped: Excel stored 2026-08-01 (locale m/d/y misparse), read as 2026-01-08"
CT14,2026-05-14,13:53,revision,,,,,,,,yes,yes,,-39.44709,-71.73836,,,,Configuración previa: modo Video; se modifico a Hybrid,Registro de revisión Mayo 2026,"all cameras raised to 1.5-2 m at this visit; exact height per station not recorded; clock set back 1 h at this visit for horario de invierno (sheet note, applies to every station). Chile left summer time 2026-04-04, so frames between that date and this visit read 1 h AHEAD of local time"
CT15,2025-01-09,13:09,instalacion,otono_2025,SC,,,,,,,,,,,,,,"Sendero, costado camino Puma. Coihue, lenga, ribes, chusquea, acaena ovalifolia",Registro de instalacion,
CT15,2025-06-09,,revision,primavera_2025,,,,,,,yes,yes,,-39.45142,-71.74398,2,,,Se subió a 2 m aprox sobre el nivel del suelo | Fecha y hora desconfigurada | Pantalla defectuosa (líneas horizontales de colores en la parte superior),Registro de revisión_Otoño 2025,"date_ambiguous_source: '9/6/2025' read d/m/y as 2025-06-09; clock_state from field remark; height_m approximate, from field remark"
CT15,2025-11-25,,revision,otono_2026,,,,,,,,,,,,,,,,Registro de revisión_Primavera,
CT15,2026-05-14,10:56,revision,,,,,,,,yes,yes,,-39.45142,-71.74398,,,,,Registro de revisión Mayo 2026,"all cameras raised to 1.5-2 m at this visit; exact height per station not recorded; clock set back 1 h at this visit for horario de invierno (sheet note, applies to every station). Chile left summer time 2026-04-04, so frames between that date and this visit read 1 h AHEAD of local time"
CT16,2025-01-09,14:08,instalacion,otono_2025,SC,,,,,,,,,,,,,,"Final de sendero, costado camino Puma. Coihue, chusquea, myrceugenia, drimys, maytenus disticha",Registro de instalacion,
CT16,2025-06-09,,revision,primavera_2025,,,,,,,yes,yes,yes,-39.45524,-71.74502,2,,,"Se subió a 2 m aprox sobre el nivel del suelo | Fecha y hora desconfigurada | Se movió a un punto cercano, al final del sendero",Registro de revisión_Otoño 2025,"date_ambiguous_source: '9/6/2025' read d/m/y as 2025-06-09; clock_state from field remark; height_m approximate, from field remark"
CT16,2025-11-25,,revision,otono_2026,,,,,,,,,,,,,,,,Registro de revisión_Primavera,
CT16,2026-05-14,10:35,revision,,,,,,,,yes,yes,,-39.45524,-71.74502,,,,,Registro de revisión Mayo 2026,"all cameras raised to 1.5-2 m at this visit; exact height per station not recorded; clock set back 1 h at this visit for horario de invierno (sheet note, applies to every station). Chile left summer time 2026-04-04, so frames between that date and this visit read 1 h AHEAD of local time"
CT17,2025-01-16,16:53,instalacion,otono_2025,SC,,,,,,,,,,,,,,"Coihue, Chusquea, Myrceugenia, Drimys, Maytenus disticha",Registro de instalacion,
CT17,2025-06-06,,revision,primavera_2025,,,,,,,yes,yes,yes,-39.45180,-71.73987,2,,,"Se movió la cámara a un árbol cercano, adyacente al sendero de la cascada de la felicidad | Se instaló a 2 m aprox del nivel del suelo",Registro de revisión_Otoño 2025,"revision date corrected 2025-04-06 -> 2025-06-06 (confirmed by Felipe 2026-08-11): every other otono_2025 revision falls 14 May - 11 Jun 2025; height_m approximate, from field remark"
CT17,2026-01-08,,revision,otono_2026,,,,,,,,,,,,,,,,Registro de revisión_Primavera,"date_swapped: Excel stored 2026-08-01 (locale m/d/y misparse), read as 2026-01-08"
CT17,2026-05-14,13:11,revision,,,,,,,,yes,yes,yes,-39.45180,-71.73987,,,,"Tronco que sostenía la CT se cayó, CT en buen estado, se movio la CT aproximadamente 4 mts.",Registro de revisión Mayo 2026,"all cameras raised to 1.5-2 m at this visit; exact height per station not recorded; clock set back 1 h at this visit for horario de invierno (sheet note, applies to every station). Chile left summer time 2026-04-04, so frames between that date and this visit read 1 h AHEAD of local time"
CT18,2025-01-28,16:00,instalacion,otono_2025,SC,,,,,,,,,,,,,,"Coihue, mañío, sendero La Felicidad",Registro de instalacion,
CT18,2025-06-10,,revision,primavera_2025,,,,,,,yes,yes,,-39.43320,-71.74338,2,,,Se subió 2 m aprox sobre el nivel del suelo (sendero laguna natural),Registro de revisión_Otoño 2025,"date_ambiguous_source: '10/06/2025' read d/m/y as 2025-06-10; height_m approximate, from field remark"
CT18,2025-11-14,,revision,otono_2026,,,,,,,,,,,,,,,,Registro de revisión_Primavera,
CT18,2026-05-15,12:10,revision,,,CAM-28,,,,,yes,yes,,-39.43320,-71.74338,,,,"No prendía, se cambió la CT a otra, ID 28",Registro de revisión Mayo 2026,"camera_replaced from field remark — clock chronology must break here; all cameras raised to 1.5-2 m at this visit; exact height per station not recorded; clock set back 1 h at this visit for horario de invierno (sheet note, applies to every station). Chile left summer time 2026-04-04, so frames between that date and this visit read 1 h AHEAD of local time"
CT19,2025-01-30,14:12,instalacion,otono_2025,SC,,,,,,,,,,,,,,Borde de bosque de raulí,Registro de instalacion,
CT19,2025-06-05,,revision,primavera_2025,,,,,,,yes,yes,,-39.43286,-71.75497,2,,,Se subió 2 m aprox sobre el nivel del suelo,Registro de revisión_Otoño 2025,"date_ambiguous_source: '05/06/2025' read d/m/y as 2025-06-05; height_m approximate, from field remark"
CT19,2025-11-21,,revision,otono_2026,,,,,,,,,,,,,,,,Registro de revisión_Primavera,
CT19,2026-05-13,16:30,revision,,,,,,,,yes,yes,,-39.43286,-71.75497,,,,,Registro de revisión Mayo 2026,"all cameras raised to 1.5-2 m at this visit; exact height per station not recorded; clock set back 1 h at this visit for horario de invierno (sheet note, applies to every station). Chile left summer time 2026-04-04, so frames between that date and this visit read 1 h AHEAD of local time"
CT20,2025-01-30,18:07,instalacion,otono_2025,SC,,,,,,,,,,,,,,Matorral notro-leñadura,Registro de instalacion,
CT20,2025-06-09,,revision,primavera_2025,,,,,,,yes,yes,yes,-39.43752,-71.76076,,,,SD llena | Se movió a punto cercano en zona abierta al lado del sendero,Registro de revisión_Otoño 2025,date_ambiguous_source: '09/06/2025' read d/m/y as 2025-06-09
CT20,2025-12-03,,revision,otono_2026,,,,,,,,,,,,,,,,Registro de revisión_Primavera,"date_swapped: Excel stored 2025-03-12 (locale m/d/y misparse), read as 2025-12-03"
CT20,2026-05-14,12:00,revision,,,,,,,,yes,yes,,-39.43752,-71.76076,,,,,Registro de revisión Mayo 2026,"all cameras raised to 1.5-2 m at this visit; exact height per station not recorded; clock set back 1 h at this visit for horario de invierno (sheet note, applies to every station). Chile left summer time 2026-04-04, so frames between that date and this visit read 1 h AHEAD of local time"
CT21,2025-02-04,14:21,instalacion,otono_2025,SC,,,,,,,,,,,,,,"Coihue, raulí, mañío",Registro de instalacion,
CT21,2025-06-05,,revision,primavera_2025,,,,,,,yes,yes,,-39.44299,-71.73801,,,,"La cámara encendió luz led pero no prendió la pantalla, SD vacía. Se instaló otra cámara trampa",Registro de revisión_Otoño 2025,date_ambiguous_source: '5/06/2025' read d/m/y as 2025-06-05; camera_replaced from field remark — clock chronology must break here
CT21,2026-01-13,,revision,otono_2026,,,,,,,,,,,,,,,,Registro de revisión_Primavera,
CT21,2026-05-14,14:17,revision,,,,,,,,yes,yes,,-39.44299,-71.73801,,,,"Marcador en muy mal estado, cambiar",Registro de revisión Mayo 2026,"all cameras raised to 1.5-2 m at this visit; exact height per station not recorded; clock set back 1 h at this visit for horario de invierno (sheet note, applies to every station). Chile left summer time 2026-04-04, so frames between that date and this visit read 1 h AHEAD of local time"
CT22,2025-02-04,15:26,instalacion,otono_2025,SC,,,,,,,,,,,,,,"Coihue, raulí, mañío, taique",Registro de instalacion,
CT22,2025-06-11,,revision,primavera_2025,,,,,,,yes,yes,,-39.43296,-71.74903,,,,"Cámara con mucha humedad interior, no enciende la pantalla. Se instala otra cámara trampa en su lugar",Registro de revisión_Otoño 2025,date_ambiguous_source: '11/06/2025' read d/m/y as 2025-06-11; camera_replaced from field remark — clock chronology must break here
CT22,2026-01-14,,revision,otono_2026,,,,,,,,,,,,,,,,Registro de revisión_Primavera,
CT22,2026-05-15,11:05,revision,,,,,,,,yes,yes,,-39.43296,-71.74903,,,,Configuración previa: Cam only; se modifico a Hybrid,Registro de revisión Mayo 2026,"all cameras raised to 1.5-2 m at this visit; exact height per station not recorded; clock set back 1 h at this visit for horario de invierno (sheet note, applies to every station). Chile left summer time 2026-04-04, so frames between that date and this visit read 1 h AHEAD of local time"
CT23,2025-02-05,14:58,instalacion,otono_2025,SC,,,,,,,,,,,,,,"Mañío, coihue, raulí",Registro de instalacion,
CT23,2025-06-10,,revision,primavera_2025,,,,,,,yes,yes,,-39.43704,-71.73900,2,,,Se subió 2 m aprox sobre el nivel del suelo,Registro de revisión_Otoño 2025,"date_ambiguous_source: '10/06/2025' read d/m/y as 2025-06-10; height_m approximate, from field remark"
CT23,2026-01-14,,revision,otono_2026,,,,,,,,,,,,,,,,Registro de revisión_Primavera,
CT23,2026-05-15,12:50,revision,,,CAM-18,,,,,yes,yes,,-39.43704,-71.73900,,,,"No prendió con cambio de pilas, se cambió la CT a otra, ID 18",Registro de revisión Mayo 2026,"camera_replaced from field remark — clock chronology must break here; all cameras raised to 1.5-2 m at this visit; exact height per station not recorded; clock set back 1 h at this visit for horario de invierno (sheet note, applies to every station). Chile left summer time 2026-04-04, so frames between that date and this visit read 1 h AHEAD of local time"
CT24,2025-02-05,16:11,instalacion,otono_2025,SC,,,,,,,,,,,,,,Borde bosque-pradera,Registro de instalacion,
CT24,2025-06-10,,revision,primavera_2025,,,,,,,yes,yes,,-39.43359,-71.73804,2,,,Se subió 2 m aprox sobre el nivel del suelo,Registro de revisión_Otoño 2025,"date_ambiguous_source: '10/06/2025' read d/m/y as 2025-06-10; height_m approximate, from field remark"
CT24,2026-01-14,,revision,otono_2026,,,,,,,,,,,,,,,,Registro de revisión_Primavera,
CT24,2026-05-15,10:37,revision,,,,,,,,yes,yes,,-39.43359,-71.73804,,,,,Registro de revisión Mayo 2026,"all cameras raised to 1.5-2 m at this visit; exact height per station not recorded; clock set back 1 h at this visit for horario de invierno (sheet note, applies to every station). Chile left summer time 2026-04-04, so frames between that date and this visit read 1 h AHEAD of local time"
CT25,2025-02-05,17:13,instalacion,otono_2025,SC,,,,,,,,,,,,,,"Ribera de estero, coihue, mañío, tepa",Registro de instalacion,
CT25,2025-06-10,,revision,primavera_2025,,,,,,,yes,yes,,-39.42929,-71.74325,2,,,"Se instala nueva TC, TC anterior se encuentra ""ON"" pero no responde y tiene humedad al interior | Se subió 2 m aprox sobre el nivel del suelo",Registro de revisión_Otoño 2025,"date_ambiguous_source: '10/06/2025' read d/m/y as 2025-06-10; camera_replaced from field remark — clock chronology must break here; height_m approximate, from field remark"
CT25,2026-01-14,,revision,otono_2026,,,,,,,,,,,,,,,,Registro de revisión_Primavera,
CT25,2026-05-15,10:07,revision,,,,,,,,yes,yes,,-39.42929,-71.74325,,,,,Registro de revisión Mayo 2026,"all cameras raised to 1.5-2 m at this visit; exact height per station not recorded; clock set back 1 h at this visit for horario de invierno (sheet note, applies to every station). Chile left summer time 2026-04-04, so frames between that date and this visit read 1 h AHEAD of local time"
CT26,2025-02-05,18:00,instalacion,otono_2025,SC,,,,,,,,,,,,,,"Coihue, roble, raulí, coilhue seco",Registro de instalacion,
CT26,2025-06-10,,revision,primavera_2025,,,,,,,yes,yes,,-39.42908,-71.74894,2,,,Se subió 2 m aprox sobre el nivel del suelo,Registro de revisión_Otoño 2025,"date_ambiguous_source: '10/06/2025' read d/m/y as 2025-06-10; height_m approximate, from field remark; coord_dms_as_decimal: 39.25447 is out of range as decimal but is -39.42908 read as degrees-minutes-seconds; converted; coord_dms_as_decimal: 71.44562 is out of range as decimal but is -71.74894 read as degrees-minutes-seconds; converted"
CT26,2026-01-14,,revision,otono_2026,,,,,,,,,,,,,,,,Registro de revisión_Primavera,
CT26,2026-05-15,10:30,revision,,,,,,,,yes,yes,,-39.42908,-71.74894,,,,Configuración previa: Cam only; se modifico a Hybrid,Registro de revisión Mayo 2026,"all cameras raised to 1.5-2 m at this visit; exact height per station not recorded; clock set back 1 h at this visit for horario de invierno (sheet note, applies to every station). Chile left summer time 2026-04-04, so frames between that date and this visit read 1 h AHEAD of local time; coord_dms_as_decimal: 39.25447 is out of range as decimal but is -39.42908 read as degrees-minutes-seconds; converted; coord_dms_as_decimal: 71.44562 is out of range as decimal but is -71.74894 read as degrees-minutes-seconds; converted"
CT27,,,unrecorded,,,,,,,,,,,,,,,,CT27 has no install record; it appears only on: Registro de revisión_Primavera .,(absent),STATION EXISTS AND HAS DATA but the workbook never recorded its install. Confirmed by Felipe 2026-08-11: do not delete. RESOLVED 2026-08-24: both deployment dates have since been reconstructed and are carried on the two CT27 revision rows below; this row remains as provenance for the gap itself.
CT27,2025-12-11,,revision,otono_2026,,,,,,,,,,,,,,,,Registro de revisión_Primavera,"date_reconstructed 2026-08-24: the Excel reading 2025-11-12 was a day/month transposition. Resolved to 2025-12-11, confirmed by Felipe and corroborated by CT27's own first frame at 2025-12-11 12:49:01 and by the GPS waypoint (15:52:56 UTC = 12:52:56 local, 3m55s after the first frame). Recorded as an install anchor in otono_2026/deployment_anchors.csv; this row is the field-record half.; campaign_closed_dropped 2026-08-26: the legacy file recorded 'primavera_2025' for this visit; derived from CT27's own visit sequence it closes nothing. Felipe 2026-08-26: the recorded value is wrong — the station has no such deployment in deployments.csv, none in the canonical table, and no earlier visit to have opened it. Kept here because deleting the reason is how it returns."
CT27,2026-05-14,,revision,,,,,,,,,,,,,,,,"CT27 is absent from 'Registro de revision Mayo 2026', which holds 26 rows; its card was nonetheless collected (315 frames, last 2026-05-14 14:32:04).",(reconstructed),"date_reconstructed 2026-08-24: NOT taken from any field sheet. CT27's last frame (2026-05-14 14:32:04) falls between CT17's (14:07:45) and CT21's (15:15:15), and both were retrieved 2026-05-14, so CT27 was collected on that trip. Confirm against the physical May 2026 form when available."
