"season_start","season","species","occasion_days","stations","occasions_mean","detections","stations_detected","naive_occupancy","psi","p","p_cumulative","boundary"
2024-09-01,"Primavera 2024","Guina",1,6,48.7,1,1,0.167,0.998,0.003,0.154,TRUE
2024-09-01,"Primavera 2024","Jabali",1,6,48.7,1,1,0.167,0.996,0.003,0.154,TRUE
2024-09-01,"Primavera 2024","Liebre",1,6,48.7,21,1,0.167,0.167,0.396,1,FALSE
2024-09-01,"Primavera 2024","Perro",1,6,48.7,6,4,0.667,0.998,0.021,0.637,TRUE
2024-09-01,"Primavera 2024","Puma",1,6,48.7,1,1,0.167,0.998,0.003,0.154,TRUE
2024-09-01,"Primavera 2024","Zorro culpeo",1,6,48.7,10,3,0.5,0.538,0.059,0.949,FALSE
2024-09-01,"Primavera 2024","Guina",3,6,17.3,1,1,0.167,0.997,0.01,0.155,TRUE
2024-09-01,"Primavera 2024","Jabali",3,6,17.3,1,1,0.167,0.994,0.01,0.155,TRUE
2024-09-01,"Primavera 2024","Liebre",3,6,17.3,12,1,0.167,0.167,0.632,1,FALSE
2024-09-01,"Primavera 2024","Perro",3,6,17.3,5,4,0.667,0.999,0.048,0.574,TRUE
2024-09-01,"Primavera 2024","Puma",3,6,17.3,1,1,0.167,0.997,0.01,0.155,TRUE
2024-09-01,"Primavera 2024","Zorro culpeo",3,6,17.3,9,3,0.5,0.548,0.147,0.936,FALSE
2024-09-01,"Primavera 2024","Guina",5,6,11,1,1,0.167,0.998,0.015,0.155,TRUE
2024-09-01,"Primavera 2024","Jabali",5,6,11,1,1,0.167,0.995,0.015,0.155,TRUE
2024-09-01,"Primavera 2024","Liebre",5,6,11,7,1,0.167,0.167,0.583,1,FALSE
2024-09-01,"Primavera 2024","Perro",5,6,11,5,4,0.667,0.999,0.076,0.579,TRUE
2024-09-01,"Primavera 2024","Puma",5,6,11,1,1,0.167,0.998,0.015,0.155,TRUE
2024-09-01,"Primavera 2024","Zorro culpeo",5,6,11,9,3,0.5,0.539,0.235,0.948,FALSE
2024-09-01,"Primavera 2024","Guina",7,6,7.3,1,1,0.167,0.997,0.023,0.155,TRUE
2024-09-01,"Primavera 2024","Jabali",7,6,7.3,1,1,0.167,0.993,0.023,0.156,TRUE
2024-09-01,"Primavera 2024","Liebre",7,6,7.3,7,1,0.167,0.167,0.875,1,FALSE
2024-09-01,"Primavera 2024","Perro",7,6,7.3,6,4,0.667,0.915,0.15,0.697,FALSE
2024-09-01,"Primavera 2024","Puma",7,6,7.3,1,1,0.167,0.997,0.023,0.155,TRUE
2024-09-01,"Primavera 2024","Zorro culpeo",7,6,7.3,7,3,0.5,0.582,0.258,0.887,FALSE
2024-09-01,"Primavera 2024","Guina",10,6,6.3,1,1,0.167,0.996,0.026,0.156,TRUE
2024-09-01,"Primavera 2024","Jabali",10,6,6.3,1,1,0.167,0.993,0.026,0.156,TRUE
2024-09-01,"Primavera 2024","Liebre",10,6,6.3,4,1,0.167,0.168,0.568,0.995,FALSE
2024-09-01,"Primavera 2024","Perro",10,6,6.3,5,4,0.667,0.999,0.132,0.591,TRUE
2024-09-01,"Primavera 2024","Puma",10,6,6.3,1,1,0.167,0.996,0.026,0.156,TRUE
2024-09-01,"Primavera 2024","Zorro culpeo",10,6,6.3,7,3,0.5,0.583,0.295,0.891,FALSE
2024-09-01,"Primavera 2024","Guina",14,6,4.7,1,1,0.167,0.995,0.036,0.156,TRUE
2024-09-01,"Primavera 2024","Jabali",14,6,4.7,1,1,0.167,0.99,0.036,0.157,TRUE
2024-09-01,"Primavera 2024","Liebre",14,6,4.7,4,1,0.167,0.167,0.799,0.999,FALSE
2024-09-01,"Primavera 2024","Perro",14,6,4.7,5,4,0.667,0.999,0.179,0.601,TRUE
2024-09-01,"Primavera 2024","Puma",14,6,4.7,1,1,0.167,0.995,0.036,0.156,TRUE
2024-09-01,"Primavera 2024","Zorro culpeo",14,6,4.7,7,3,0.5,0.549,0.431,0.928,FALSE
2024-12-01,"Verano 2024-25","Guina",1,15,71.5,0,0,0,NA,NA,NA,FALSE
2024-12-01,"Verano 2024-25","Jabali",1,15,71.5,3,3,0.2,1,0.003,0.182,TRUE
2024-12-01,"Verano 2024-25","Liebre",1,15,71.5,7,2,0.133,0.152,0.036,0.929,FALSE
2024-12-01,"Verano 2024-25","Perro",1,15,71.5,6,4,0.267,1,0.006,0.33,TRUE
2024-12-01,"Verano 2024-25","Puma",1,15,71.5,3,1,0.067,0.079,0.03,0.888,FALSE
2024-12-01,"Verano 2024-25","Zorro culpeo",1,15,71.5,18,3,0.2,0.203,0.085,0.998,FALSE
2024-12-01,"Verano 2024-25","Guina",3,15,23.9,0,0,0,NA,NA,NA,FALSE
2024-12-01,"Verano 2024-25","Jabali",3,15,23.9,3,3,0.2,0.999,0.008,0.182,TRUE
2024-12-01,"Verano 2024-25","Liebre",3,15,23.9,7,2,0.133,0.15,0.11,0.938,FALSE
2024-12-01,"Verano 2024-25","Perro",3,15,23.9,6,4,0.267,0.573,0.028,0.496,FALSE
2024-12-01,"Verano 2024-25","Puma",3,15,23.9,2,1,0.067,0.098,0.051,0.713,FALSE
2024-12-01,"Verano 2024-25","Zorro culpeo",3,15,23.9,17,3,0.2,0.203,0.241,0.999,FALSE
2024-12-01,"Verano 2024-25","Guina",5,15,14.5,0,0,0,NA,NA,NA,FALSE
2024-12-01,"Verano 2024-25","Jabali",5,15,14.5,3,3,0.2,0.999,0.014,0.183,TRUE
2024-12-01,"Verano 2024-25","Liebre",5,15,14.5,6,2,0.133,0.155,0.153,0.91,FALSE
2024-12-01,"Verano 2024-25","Perro",5,15,14.5,6,4,0.267,0.555,0.048,0.511,FALSE
2024-12-01,"Verano 2024-25","Puma",5,15,14.5,1,1,0.067,0.996,0.005,0.065,TRUE
2024-12-01,"Verano 2024-25","Zorro culpeo",5,15,14.5,15,3,0.2,0.203,0.355,0.998,FALSE
2024-12-01,"Verano 2024-25","Guina",7,15,10.6,0,0,0,NA,NA,NA,FALSE
2024-12-01,"Verano 2024-25","Jabali",7,15,10.6,3,3,0.2,0.999,0.019,0.183,TRUE
2024-12-01,"Verano 2024-25","Liebre",7,15,10.6,6,2,0.133,0.152,0.214,0.923,FALSE
2024-12-01,"Verano 2024-25","Perro",7,15,10.6,6,4,0.267,0.544,0.067,0.521,FALSE
2024-12-01,"Verano 2024-25","Puma",7,15,10.6,2,1,0.067,0.094,0.121,0.744,FALSE
2024-12-01,"Verano 2024-25","Zorro culpeo",7,15,10.6,12,3,0.2,0.205,0.382,0.994,FALSE
2024-12-01,"Verano 2024-25","Guina",10,15,7.4,0,0,0,NA,NA,NA,FALSE
2024-12-01,"Verano 2024-25","Jabali",10,15,7.4,3,3,0.2,0.999,0.027,0.184,TRUE
2024-12-01,"Verano 2024-25","Liebre",10,15,7.4,6,2,0.133,0.149,0.314,0.938,FALSE
2024-12-01,"Verano 2024-25","Perro",10,15,7.4,6,4,0.267,0.515,0.101,0.547,FALSE
2024-12-01,"Verano 2024-25","Puma",10,15,7.4,1,1,0.067,0.994,0.009,0.065,TRUE
2024-12-01,"Verano 2024-25","Zorro culpeo",10,15,7.4,11,3,0.2,0.203,0.519,0.996,FALSE
2024-12-01,"Verano 2024-25","Guina",14,15,6,0,0,0,NA,NA,NA,FALSE
2024-12-01,"Verano 2024-25","Jabali",14,15,6,3,3,0.2,0.998,0.033,0.184,TRUE
2024-12-01,"Verano 2024-25","Liebre",14,15,6,5,2,0.133,0.153,0.326,0.907,FALSE
2024-12-01,"Verano 2024-25","Perro",14,15,6,6,4,0.267,0.496,0.13,0.565,FALSE
2024-12-01,"Verano 2024-25","Puma",14,15,6,1,1,0.067,0.993,0.011,0.065,TRUE
2024-12-01,"Verano 2024-25","Zorro culpeo",14,15,6,10,3,0.2,0.203,0.582,0.995,FALSE
2025-03-01,"Otoño 2025","Guina",1,17,81.6,0,0,0,NA,NA,NA,FALSE
2025-03-01,"Otoño 2025","Jabali",1,17,81.6,1,1,0.059,1,0.001,0.057,TRUE
2025-03-01,"Otoño 2025","Liebre",1,17,81.6,8,2,0.118,0.134,0.043,0.971,FALSE
2025-03-01,"Otoño 2025","Perro",1,17,81.6,5,1,0.059,0.066,0.054,0.989,FALSE
2025-03-01,"Otoño 2025","Puma",1,17,81.6,0,0,0,NA,NA,NA,FALSE
2025-03-01,"Otoño 2025","Zorro culpeo",1,17,81.6,26,5,0.294,0.329,0.056,0.991,FALSE
2025-03-01,"Otoño 2025","Guina",3,17,27.6,0,0,0,NA,NA,NA,FALSE
2025-03-01,"Otoño 2025","Jabali",3,17,27.6,1,1,0.059,0.995,0.002,0.057,TRUE
2025-03-01,"Otoño 2025","Liebre",3,17,27.6,8,2,0.118,0.132,0.126,0.976,FALSE
2025-03-01,"Otoño 2025","Perro",3,17,27.6,5,1,0.059,0.065,0.16,0.992,FALSE
2025-03-01,"Otoño 2025","Puma",3,17,27.6,0,0,0,NA,NA,NA,FALSE
2025-03-01,"Otoño 2025","Zorro culpeo",3,17,27.6,23,5,0.294,0.327,0.146,0.987,FALSE
2025-03-01,"Otoño 2025","Guina",5,17,17,0,0,0,NA,NA,NA,FALSE
2025-03-01,"Otoño 2025","Jabali",5,17,17,1,1,0.059,0.994,0.003,0.058,TRUE
2025-03-01,"Otoño 2025","Liebre",5,17,17,6,2,0.118,0.135,0.149,0.936,FALSE
2025-03-01,"Otoño 2025","Perro",5,17,17,5,1,0.059,0.063,0.26,0.994,FALSE
2025-03-01,"Otoño 2025","Puma",5,17,17,0,0,0,NA,NA,NA,FALSE
2025-03-01,"Otoño 2025","Zorro culpeo",5,17,17,17,5,0.294,0.332,0.172,0.96,FALSE
2025-03-01,"Otoño 2025","Guina",7,17,12.6,0,0,0,NA,NA,NA,FALSE
2025-03-01,"Otoño 2025","Jabali",7,17,12.6,1,1,0.059,0.993,0.005,0.058,TRUE
2025-03-01,"Otoño 2025","Liebre",7,17,12.6,6,2,0.118,0.133,0.203,0.943,FALSE
2025-03-01,"Otoño 2025","Perro",7,17,12.6,5,1,0.059,0.062,0.354,0.996,FALSE
2025-03-01,"Otoño 2025","Puma",7,17,12.6,0,0,0,NA,NA,NA,FALSE
2025-03-01,"Otoño 2025","Zorro culpeo",7,17,12.6,16,5,0.294,0.33,0.219,0.955,FALSE
2025-03-01,"Otoño 2025","Guina",10,17,9.1,0,0,0,NA,NA,NA,FALSE
2025-03-01,"Otoño 2025","Jabali",10,17,9.1,1,1,0.059,0.991,0.007,0.058,TRUE
2025-03-01,"Otoño 2025","Liebre",10,17,9.1,5,2,0.118,0.137,0.229,0.905,FALSE
2025-03-01,"Otoño 2025","Perro",10,17,9.1,4,1,0.059,0.062,0.394,0.989,FALSE
2025-03-01,"Otoño 2025","Puma",10,17,9.1,0,0,0,NA,NA,NA,FALSE
2025-03-01,"Otoño 2025","Zorro culpeo",10,17,9.1,14,5,0.294,0.333,0.263,0.937,FALSE
2025-03-01,"Otoño 2025","Guina",14,17,6.3,0,0,0,NA,NA,NA,FALSE
2025-03-01,"Otoño 2025","Jabali",14,17,6.3,1,1,0.059,0.992,0.009,0.058,TRUE
2025-03-01,"Otoño 2025","Liebre",14,17,6.3,5,2,0.118,0.136,0.333,0.922,FALSE
2025-03-01,"Otoño 2025","Perro",14,17,6.3,5,1,0.059,0.061,0.71,1,FALSE
2025-03-01,"Otoño 2025","Puma",14,17,6.3,0,0,0,NA,NA,NA,FALSE
2025-03-01,"Otoño 2025","Zorro culpeo",14,17,6.3,13,5,0.294,0.338,0.349,0.933,FALSE
2025-06-01,"Invierno 2025","Guina",1,24,82.7,4,4,0.167,1,0.002,0.154,TRUE
2025-06-01,"Invierno 2025","Jabali",1,24,82.7,4,3,0.125,1,0.002,0.154,TRUE
2025-06-01,"Invierno 2025","Liebre",1,24,82.7,39,8,0.333,0.359,0.053,0.989,FALSE
2025-06-01,"Invierno 2025","Perro",1,24,82.7,5,4,0.167,1,0.003,0.188,TRUE
2025-06-01,"Invierno 2025","Puma",1,24,82.7,0,0,0,NA,NA,NA,FALSE
2025-06-01,"Invierno 2025","Zorro culpeo",1,24,82.7,24,10,0.417,1,0.012,0.634,TRUE
2025-06-01,"Invierno 2025","Guina",3,24,28,4,4,0.167,0.998,0.006,0.154,TRUE
2025-06-01,"Invierno 2025","Jabali",3,24,28,4,3,0.125,0.296,0.02,0.431,FALSE
2025-06-01,"Invierno 2025","Liebre",3,24,28,31,8,0.333,0.364,0.124,0.975,FALSE
2025-06-01,"Invierno 2025","Perro",3,24,28,5,4,0.167,0.487,0.015,0.349,FALSE
2025-06-01,"Invierno 2025","Puma",3,24,28,0,0,0,NA,NA,NA,FALSE
2025-06-01,"Invierno 2025","Zorro culpeo",3,24,28,22,10,0.417,0.526,0.062,0.834,FALSE
2025-06-01,"Invierno 2025","Guina",5,24,17.3,4,4,0.167,0.997,0.01,0.154,TRUE
2025-06-01,"Invierno 2025","Jabali",5,24,17.3,4,3,0.125,0.292,0.033,0.438,FALSE
2025-06-01,"Invierno 2025","Liebre",5,24,17.3,27,8,0.333,0.369,0.173,0.962,FALSE
2025-06-01,"Invierno 2025","Perro",5,24,17.3,5,4,0.167,0.478,0.025,0.356,FALSE
2025-06-01,"Invierno 2025","Puma",5,24,17.3,0,0,0,NA,NA,NA,FALSE
2025-06-01,"Invierno 2025","Zorro culpeo",5,24,17.3,22,10,0.417,0.521,0.101,0.842,FALSE
2025-06-01,"Invierno 2025","Guina",7,24,12.8,4,4,0.167,0.997,0.013,0.155,TRUE
2025-06-01,"Invierno 2025","Jabali",7,24,12.8,4,3,0.125,0.288,0.045,0.444,FALSE
2025-06-01,"Invierno 2025","Liebre",7,24,12.8,23,8,0.333,0.376,0.196,0.938,FALSE
2025-06-01,"Invierno 2025","Perro",7,24,12.8,5,4,0.167,0.471,0.034,0.361,FALSE
2025-06-01,"Invierno 2025","Puma",7,24,12.8,0,0,0,NA,NA,NA,FALSE
2025-06-01,"Invierno 2025","Zorro culpeo",7,24,12.8,20,10,0.417,0.541,0.12,0.805,FALSE
2025-06-01,"Invierno 2025","Guina",10,24,9.2,4,4,0.167,0.997,0.018,0.155,TRUE
2025-06-01,"Invierno 2025","Jabali",10,24,9.2,4,3,0.125,0.276,0.065,0.462,FALSE
2025-06-01,"Invierno 2025","Liebre",10,24,9.2,23,8,0.333,0.373,0.274,0.948,FALSE
2025-06-01,"Invierno 2025","Perro",10,24,9.2,5,4,0.167,0.45,0.05,0.377,FALSE
2025-06-01,"Invierno 2025","Puma",10,24,9.2,0,0,0,NA,NA,NA,FALSE
2025-06-01,"Invierno 2025","Zorro culpeo",10,24,9.2,21,10,0.417,0.523,0.18,0.839,FALSE
2025-06-01,"Invierno 2025","Guina",14,24,6.5,4,4,0.167,0.997,0.026,0.156,TRUE
2025-06-01,"Invierno 2025","Jabali",14,24,6.5,4,3,0.125,0.264,0.097,0.484,FALSE
2025-06-01,"Invierno 2025","Liebre",14,24,6.5,19,8,0.333,0.384,0.312,0.912,FALSE
2025-06-01,"Invierno 2025","Perro",14,24,6.5,5,4,0.167,0.428,0.075,0.396,FALSE
2025-06-01,"Invierno 2025","Puma",14,24,6.5,0,0,0,NA,NA,NA,FALSE
2025-06-01,"Invierno 2025","Zorro culpeo",14,24,6.5,18,10,0.417,0.562,0.204,0.772,FALSE
2025-09-01,"Primavera 2025","Guina",1,23,87.3,2,1,0.043,0.056,0.018,0.787,FALSE
2025-09-01,"Primavera 2025","Jabali",1,23,87.3,3,3,0.13,1,0.001,0.122,TRUE
2025-09-01,"Primavera 2025","Liebre",1,23,87.3,24,7,0.304,0.327,0.036,0.96,FALSE
2025-09-01,"Primavera 2025","Perro",1,23,87.3,7,4,0.174,0.253,0.014,0.702,FALSE
2025-09-01,"Primavera 2025","Puma",1,23,87.3,5,4,0.174,1,0.002,0.196,TRUE
2025-09-01,"Primavera 2025","Zorro culpeo",1,23,87.3,20,8,0.348,0.404,0.025,0.886,FALSE
2025-09-01,"Primavera 2025","Guina",3,23,29.8,2,1,0.043,0.056,0.052,0.797,FALSE
2025-09-01,"Primavera 2025","Jabali",3,23,29.8,3,3,0.13,0.997,0.004,0.123,TRUE
2025-09-01,"Primavera 2025","Liebre",3,23,29.8,21,7,0.304,0.332,0.092,0.943,FALSE
2025-09-01,"Primavera 2025","Perro",3,23,29.8,7,4,0.174,0.249,0.041,0.712,FALSE
2025-09-01,"Primavera 2025","Puma",3,23,29.8,5,4,0.174,0.475,0.015,0.369,FALSE
2025-09-01,"Primavera 2025","Zorro culpeo",3,23,29.8,18,8,0.348,0.418,0.063,0.854,FALSE
2025-09-01,"Primavera 2025","Guina",5,23,18.3,2,1,0.043,0.055,0.086,0.806,FALSE
2025-09-01,"Primavera 2025","Jabali",5,23,18.3,3,3,0.13,0.997,0.007,0.123,TRUE
2025-09-01,"Primavera 2025","Liebre",5,23,18.3,19,7,0.304,0.338,0.133,0.926,FALSE
2025-09-01,"Primavera 2025","Perro",5,23,18.3,7,4,0.174,0.246,0.068,0.721,FALSE
2025-09-01,"Primavera 2025","Puma",5,23,18.3,5,4,0.174,0.467,0.025,0.376,FALSE
2025-09-01,"Primavera 2025","Zorro culpeo",5,23,18.3,19,8,0.348,0.404,0.111,0.884,FALSE
2025-09-01,"Primavera 2025","Guina",7,23,12.5,2,1,0.043,0.054,0.127,0.818,FALSE
2025-09-01,"Primavera 2025","Jabali",7,23,12.5,3,3,0.13,0.997,0.01,0.123,TRUE
2025-09-01,"Primavera 2025","Liebre",7,23,12.5,17,7,0.304,0.347,0.17,0.902,FALSE
2025-09-01,"Primavera 2025","Perro",7,23,12.5,7,4,0.174,0.242,0.1,0.733,FALSE
2025-09-01,"Primavera 2025","Puma",7,23,12.5,5,4,0.174,0.457,0.038,0.384,FALSE
2025-09-01,"Primavera 2025","Zorro culpeo",7,23,12.5,17,8,0.348,0.421,0.14,0.848,FALSE
2025-09-01,"Primavera 2025","Guina",10,23,9.7,2,1,0.043,0.053,0.167,0.829,FALSE
2025-09-01,"Primavera 2025","Jabali",10,23,9.7,3,3,0.13,0.997,0.014,0.123,TRUE
2025-09-01,"Primavera 2025","Liebre",10,23,9.7,16,7,0.304,0.349,0.204,0.89,FALSE
2025-09-01,"Primavera 2025","Perro",10,23,9.7,7,4,0.174,0.237,0.132,0.745,FALSE
2025-09-01,"Primavera 2025","Puma",10,23,9.7,5,4,0.174,0.446,0.05,0.393,FALSE
2025-09-01,"Primavera 2025","Zorro culpeo",10,23,9.7,16,8,0.348,0.428,0.167,0.829,FALSE
2025-09-01,"Primavera 2025","Guina",14,23,6.7,2,1,0.043,0.052,0.245,0.85,FALSE
2025-09-01,"Primavera 2025","Jabali",14,23,6.7,3,3,0.13,0.997,0.019,0.124,TRUE
2025-09-01,"Primavera 2025","Liebre",14,23,6.7,15,7,0.304,0.353,0.272,0.882,FALSE
2025-09-01,"Primavera 2025","Perro",14,23,6.7,7,4,0.174,0.231,0.194,0.767,FALSE
2025-09-01,"Primavera 2025","Puma",14,23,6.7,5,4,0.174,0.429,0.075,0.409,FALSE
2025-09-01,"Primavera 2025","Zorro culpeo",14,23,6.7,15,8,0.348,0.437,0.22,0.813,FALSE
2025-12-01,"Verano 2025-26","Guina",1,26,86.5,5,3,0.115,1,0.002,0.175,TRUE
2025-12-01,"Verano 2025-26","Jabali",1,26,86.5,3,2,0.077,0.137,0.01,0.567,FALSE
2025-12-01,"Verano 2025-26","Liebre",1,26,86.5,1,1,0.038,0.989,0,0.038,TRUE
2025-12-01,"Verano 2025-26","Perro",1,26,86.5,14,5,0.192,0.211,0.029,0.919,FALSE
2025-12-01,"Verano 2025-26","Puma",1,26,86.5,3,3,0.115,1,0.001,0.109,TRUE
2025-12-01,"Verano 2025-26","Zorro culpeo",1,26,86.5,21,9,0.346,0.409,0.022,0.858,FALSE
2025-12-01,"Verano 2025-26","Guina",3,26,28.9,5,3,0.115,0.173,0.038,0.671,FALSE
2025-12-01,"Verano 2025-26","Jabali",3,26,28.9,3,2,0.077,0.134,0.029,0.577,FALSE
2025-12-01,"Verano 2025-26","Liebre",3,26,28.9,1,1,0.038,0.993,0.001,0.038,TRUE
2025-12-01,"Verano 2025-26","Perro",3,26,28.9,14,5,0.192,0.209,0.087,0.927,FALSE
2025-12-01,"Verano 2025-26","Puma",3,26,28.9,3,3,0.115,0.996,0.004,0.11,TRUE
2025-12-01,"Verano 2025-26","Zorro culpeo",3,26,28.9,20,9,0.346,0.414,0.063,0.847,FALSE
2025-12-01,"Verano 2025-26","Guina",5,26,17.3,5,3,0.115,0.17,0.064,0.682,FALSE
2025-12-01,"Verano 2025-26","Jabali",5,26,17.3,2,2,0.077,0.997,0.004,0.075,TRUE
2025-12-01,"Verano 2025-26","Liebre",5,26,17.3,1,1,0.038,0.994,0.002,0.038,TRUE
2025-12-01,"Verano 2025-26","Perro",5,26,17.3,13,5,0.192,0.212,0.132,0.915,FALSE
2025-12-01,"Verano 2025-26","Puma",5,26,17.3,3,3,0.115,0.997,0.007,0.11,TRUE
2025-12-01,"Verano 2025-26","Zorro culpeo",5,26,17.3,20,9,0.346,0.409,0.106,0.857,FALSE
2025-12-01,"Verano 2025-26","Guina",7,26,12.5,5,3,0.115,0.168,0.09,0.693,FALSE
2025-12-01,"Verano 2025-26","Jabali",7,26,12.5,2,2,0.077,0.995,0.006,0.075,TRUE
2025-12-01,"Verano 2025-26","Liebre",7,26,12.5,1,1,0.038,0.992,0.003,0.038,TRUE
2025-12-01,"Verano 2025-26","Perro",7,26,12.5,12,5,0.192,0.216,0.166,0.897,FALSE
2025-12-01,"Verano 2025-26","Puma",7,26,12.5,3,3,0.115,0.996,0.009,0.11,TRUE
2025-12-01,"Verano 2025-26","Zorro culpeo",7,26,12.5,20,9,0.346,0.404,0.148,0.867,FALSE
2025-12-01,"Verano 2025-26","Guina",10,26,8.7,5,3,0.115,0.163,0.133,0.711,FALSE
2025-12-01,"Verano 2025-26","Jabali",10,26,8.7,2,2,0.077,0.995,0.009,0.075,TRUE
2025-12-01,"Verano 2025-26","Liebre",10,26,8.7,1,1,0.038,0.985,0.004,0.038,TRUE
2025-12-01,"Verano 2025-26","Perro",10,26,8.7,11,5,0.192,0.221,0.215,0.879,FALSE
2025-12-01,"Verano 2025-26","Puma",10,26,8.7,3,3,0.115,0.996,0.013,0.11,TRUE
2025-12-01,"Verano 2025-26","Zorro culpeo",10,26,8.7,18,9,0.346,0.421,0.185,0.832,FALSE
2025-12-01,"Verano 2025-26","Guina",14,26,6.8,4,3,0.115,0.233,0.096,0.498,FALSE
2025-12-01,"Verano 2025-26","Jabali",14,26,6.8,2,2,0.077,0.998,0.011,0.075,TRUE
2025-12-01,"Verano 2025-26","Liebre",14,26,6.8,1,1,0.038,0.985,0.006,0.038,TRUE
2025-12-01,"Verano 2025-26","Perro",14,26,6.8,9,5,0.192,0.246,0.204,0.788,FALSE
2025-12-01,"Verano 2025-26","Puma",14,26,6.8,3,3,0.115,0.996,0.017,0.11,TRUE
2025-12-01,"Verano 2025-26","Zorro culpeo",14,26,6.8,19,9,0.346,0.398,0.265,0.877,FALSE
2026-03-01,"Otoño 2026","Guina",1,26,73.8,2,2,0.077,0.998,0.001,0.074,TRUE
2026-03-01,"Otoño 2026","Jabali",1,26,73.8,0,0,0,NA,NA,NA,FALSE
2026-03-01,"Otoño 2026","Liebre",1,26,73.8,1,1,0.038,0.995,0.001,0.038,TRUE
2026-03-01,"Otoño 2026","Perro",1,26,73.8,3,3,0.115,1,0.002,0.109,TRUE
2026-03-01,"Otoño 2026","Puma",1,26,73.8,0,0,0,NA,NA,NA,FALSE
2026-03-01,"Otoño 2026","Zorro culpeo",1,26,73.8,31,12,0.462,1,0.016,0.699,TRUE
2026-03-01,"Otoño 2026","Guina",3,26,25,2,2,0.077,0.994,0.003,0.075,TRUE
2026-03-01,"Otoño 2026","Jabali",3,26,25,0,0,0,NA,NA,NA,FALSE
2026-03-01,"Otoño 2026","Liebre",3,26,25,1,1,0.038,0.986,0.002,0.038,TRUE
2026-03-01,"Otoño 2026","Perro",3,26,25,3,3,0.115,0.996,0.005,0.109,TRUE
2026-03-01,"Otoño 2026","Puma",3,26,25,0,0,0,NA,NA,NA,FALSE
2026-03-01,"Otoño 2026","Zorro culpeo",3,26,25,31,12,0.462,0.503,0.095,0.917,FALSE
2026-03-01,"Otoño 2026","Guina",5,26,15,2,2,0.077,0.995,0.005,0.075,TRUE
2026-03-01,"Otoño 2026","Jabali",5,26,15,0,0,0,NA,NA,NA,FALSE
2026-03-01,"Otoño 2026","Liebre",5,26,15,1,1,0.038,0.984,0.003,0.038,TRUE
2026-03-01,"Otoño 2026","Perro",5,26,15,3,3,0.115,0.996,0.008,0.11,TRUE
2026-03-01,"Otoño 2026","Puma",5,26,15,0,0,0,NA,NA,NA,FALSE
2026-03-01,"Otoño 2026","Zorro culpeo",5,26,15,29,12,0.462,0.509,0.146,0.906,FALSE
2026-03-01,"Otoño 2026","Guina",7,26,11,2,2,0.077,0.995,0.007,0.075,TRUE
2026-03-01,"Otoño 2026","Jabali",7,26,11,0,0,0,NA,NA,NA,FALSE
2026-03-01,"Otoño 2026","Liebre",7,26,11,1,1,0.038,0.991,0.004,0.038,TRUE
2026-03-01,"Otoño 2026","Perro",7,26,11,3,3,0.115,0.996,0.011,0.11,TRUE
2026-03-01,"Otoño 2026","Puma",7,26,11,0,0,0,NA,NA,NA,FALSE
2026-03-01,"Otoño 2026","Zorro culpeo",7,26,11,28,12,0.462,0.511,0.192,0.904,FALSE
2026-03-01,"Otoño 2026","Guina",10,26,8,2,2,0.077,0.996,0.01,0.075,TRUE
2026-03-01,"Otoño 2026","Jabali",10,26,8,0,0,0,NA,NA,NA,FALSE
2026-03-01,"Otoño 2026","Liebre",10,26,8,1,1,0.038,0.989,0.005,0.038,TRUE
2026-03-01,"Otoño 2026","Perro",10,26,8,3,3,0.115,0.996,0.014,0.11,TRUE
2026-03-01,"Otoño 2026","Puma",10,26,8,0,0,0,NA,NA,NA,FALSE
2026-03-01,"Otoño 2026","Zorro culpeo",10,26,8,24,12,0.462,0.541,0.213,0.853,FALSE
2026-03-01,"Otoño 2026","Guina",14,26,6,2,2,0.077,0.996,0.013,0.075,TRUE
2026-03-01,"Otoño 2026","Jabali",14,26,6,0,0,0,NA,NA,NA,FALSE
2026-03-01,"Otoño 2026","Liebre",14,26,6,1,1,0.038,0.984,0.007,0.038,TRUE
2026-03-01,"Otoño 2026","Perro",14,26,6,3,3,0.115,0.996,0.019,0.11,TRUE
2026-03-01,"Otoño 2026","Puma",14,26,6,0,0,0,NA,NA,NA,FALSE
2026-03-01,"Otoño 2026","Zorro culpeo",14,26,6,22,12,0.462,0.559,0.252,0.825,FALSE
