"sp1","sp2","guild_type","n1","n2","estimator","estimate","ci_low","ci_high","category"
"Zorro culpeo","Liebre","Native vs. Invasive",161,129,"Dhat4",0.809848867930044,0.721857219575292,0.889748678690084,"Moderate–High"
"Guina","Liebre","Native vs. Invasive",14,129,"Dhat1",0.784788045168924,0.605442771786853,0.91498722412423,"Moderate–High"
"Puma","Liebre","Native vs. Invasive",12,129,"Dhat1",0.717051517769231,0.529740885161886,0.878089713232584,"Moderate–High"
"Zorro culpeo","Jabali","Native vs. Invasive",161,18,"Dhat1",0.471916090619312,0.277615539841717,0.665415690466141,"Low–Moderate"
"Puma","Jabali","Native vs. Invasive",12,18,"Dhat1",0.386393861617572,0.163688583145864,0.61318762748484,"Low–Moderate"
"Zorro culpeo","Perro","Native vs. Invasive",161,46,"Dhat1",0.3036499640665,0.211106081350635,0.397814511279876,"Low"
"Guina","Perro","Native vs. Invasive",14,46,"Dhat1",0.220665320925915,0.0419213072408068,0.418057113605055,"Low"
"Guina","Zorro culpeo","Native vs. Native",14,161,"Dhat1",0.851406336276435,0.693549260856577,0.981741546739681,"Moderate–High"
"Puma","Zorro culpeo","Native vs. Native",12,161,"Dhat1",0.644330899132012,0.456009411130565,0.819472763612551,"Low–High"
"Puma","Guina","Native vs. Native",12,14,"Dhat1",0.585532263964542,0.352539172993695,0.793788107226022,"Low–High"
