station,camera_num,deployment,file_name,camera_datetime,candidate_kind,md_conf,clock_segment,segment_needs_anchor,suggested_anchor_type,rel_path
CT01,1,CT01,09020001.JPG,2025-09-02 13:23:38,counter_0001,,0,False,install,CT01
CT02,2,CT02,05140001.JPG,2025-05-14 16:19:33,human_labelled,0.755,0,False,install,CT02
CT02,2,CT02,05140002.JPG,2025-05-14 16:19:34,human_labelled,0.827,0,False,install,CT02
CT02,2,CT02,05140003.JPG,2025-05-14 16:19:35,human_labelled,0.939,0,False,install,CT02
CT02,2,CT02,05140005.JPG,2025-05-14 16:19:45,human_labelled,0.966,0,False,install,CT02
CT02,2,CT02,05140006.JPG,2025-05-14 16:19:46,human_labelled,0.95,0,False,install,CT02
CT02,2,CT02,05140007.JPG,2025-05-14 16:19:47,human_labelled,0.967,0,False,install,CT02
CT02,2,CT02,05140009.JPG,2025-05-14 16:20:42,human_labelled,0.969,0,False,install,CT02
CT02,2,CT02,05140010.JPG,2025-05-14 16:20:43,human_labelled,0.97,0,False,install,CT02
CT02,2,CT02,05140011.JPG,2025-05-14 16:20:43,human_labelled,0.969,0,False,install,CT02
CT02,2,CT02,05140013.JPG,2025-05-14 16:21:03,human_labelled,0.963,0,False,install,CT02
CT02,2,CT02,05140014.JPG,2025-05-14 16:21:04,human_labelled,0.938,0,False,install,CT02
CT03,3,CT03,06100001.JPG,2025-06-10 11:05:01,human_labelled,0.965,0,False,install,CT03
CT03,3,CT03,06100002.JPG,2025-06-10 11:05:02,human_labelled,0.937,0,False,install,CT03
CT03,3,CT03,06100004.JPG,2025-06-10 11:58:09,vehicle_labelled,0.957,0,False,install,CT03
CT03,3,CT03,06100005.JPG,2025-06-10 11:58:10,vehicle_labelled,0.69,0,False,install,CT03
CT03,3,CT03,06100007.JPG,2025-06-10 14:12:29,vehicle_labelled,0.887,0,False,install,CT03
CT03,3,CT03,06180010.JPG,2025-06-18 14:17:56,vehicle_labelled,0.923,0,False,mid_visit,CT03
CT03,3,CT03,06180011.JPG,2025-06-18 14:17:57,vehicle_labelled,0.892,0,False,mid_visit,CT03
CT03,3,CT03,06180013.JPG,2025-06-18 14:18:20,vehicle_labelled,0.948,0,False,mid_visit,CT03
CT03,3,CT03,06180014.JPG,2025-06-18 14:18:21,vehicle_labelled,0.898,0,False,mid_visit,CT03
CT03,3,CT03,06180015.JPG,2025-06-18 14:18:22,vehicle_labelled,0.969,0,False,mid_visit,CT03
CT03,3,CT03,06180017.JPG,2025-06-18 14:56:25,vehicle_labelled,0.957,0,False,mid_visit,CT03
CT03,3,CT03,06180018.JPG,2025-06-18 14:56:26,vehicle_labelled,0.833,0,False,mid_visit,CT03
CT03,3,CT03,06230024.JPG,2025-06-23 09:28:48,vehicle_labelled,0.675,0,False,mid_visit,CT03
CT03,3,CT03,06230025.JPG,2025-06-23 09:28:49,vehicle_labelled,0.886,0,False,mid_visit,CT03
CT03,3,CT03,06230027.JPG,2025-06-23 09:34:26,vehicle_labelled,0.944,0,False,mid_visit,CT03
CT03,3,CT03,06230028.JPG,2025-06-23 09:34:27,vehicle_labelled,0.89,0,False,mid_visit,CT03
CT03,3,CT03,07120050.JPG,2025-07-12 17:16:20,vehicle_labelled,0.396,0,False,mid_visit,CT03
CT03,3,CT03,07120051.JPG,2025-07-12 17:16:21,vehicle_labelled,0.953,0,False,mid_visit,CT03
CT03,3,CT03,07120052.JPG,2025-07-12 17:16:22,vehicle_labelled,0.965,0,False,mid_visit,CT03
CT03,3,CT03,07120054.JPG,2025-07-12 17:19:21,vehicle_labelled,0.859,0,False,mid_visit,CT03
CT03,3,CT03,07120055.JPG,2025-07-12 17:19:22,vehicle_labelled,0.67,0,False,mid_visit,CT03
CT03,3,CT03,07120056.JPG,2025-07-12 17:19:23,vehicle_detection,0.322,0,False,mid_visit,CT03
CT03,3,CT03,07140058.JPG,2025-07-14 10:30:54,human_labelled,0.956,0,False,mid_visit,CT03
CT03,3,CT03,07140059.JPG,2025-07-14 10:30:55,human_labelled,0.936,0,False,mid_visit,CT03
CT03,3,CT03,07200067.JPG,2025-07-20 16:14:42,human_labelled,0.407,0,False,mid_visit,CT03
CT03,3,CT03,07200068.JPG,2025-07-20 16:14:43,vehicle_labelled,0.946,0,False,mid_visit,CT03
CT03,3,CT03,07200070.JPG,2025-07-20 16:21:55,vehicle_labelled,0.887,0,False,mid_visit,CT03
CT03,3,CT03,07200071.JPG,2025-07-20 16:21:56,vehicle_labelled,0.857,0,False,mid_visit,CT03
CT03,3,CT03,07240073.JPG,2025-07-24 09:31:29,vehicle_labelled,0.942,0,False,mid_visit,CT03
CT03,3,CT03,07240074.JPG,2025-07-24 09:31:30,vehicle_labelled,0.937,0,False,mid_visit,CT03
CT03,3,CT03,07240076.JPG,2025-07-24 09:39:57,vehicle_labelled,0.652,0,False,mid_visit,CT03
CT03,3,CT03,07240077.JPG,2025-07-24 09:39:58,vehicle_labelled,0.936,0,False,mid_visit,CT03
CT03,3,CT03,07240078.JPG,2025-07-24 10:04:53,vehicle_labelled,0.968,0,False,mid_visit,CT03
CT03,3,CT03,07240079.JPG,2025-07-24 10:04:54,vehicle_labelled,0.965,0,False,mid_visit,CT03
CT03,3,CT03,07240080.JPG,2025-07-24 10:05:41,vehicle_labelled,0.972,0,False,mid_visit,CT03
CT03,3,CT03,07240081.JPG,2025-07-24 10:05:42,vehicle_labelled,0.962,0,False,mid_visit,CT03
CT03,3,CT03,07290082.JPG,2025-07-29 15:14:44,human_labelled,0.435,0,False,mid_visit,CT03
CT03,3,CT03,07290083.JPG,2025-07-29 15:14:45,vehicle_labelled,0.879,0,False,mid_visit,CT03
CT03,3,CT03,07290084.JPG,2025-07-29 15:14:46,vehicle_labelled,0.829,0,False,mid_visit,CT03
CT03,3,CT03,07290086.JPG,2025-07-29 15:17:18,vehicle_labelled,0.398,0,False,mid_visit,CT03
CT03,3,CT03,08060090.JPG,2025-08-06 13:56:52,vehicle_labelled,0.961,0,False,mid_visit,CT03
CT03,3,CT03,08060091.JPG,2025-08-06 13:56:53,vehicle_labelled,0.97,0,False,mid_visit,CT03
CT03,3,CT03,08060092.JPG,2025-08-06 13:56:54,vehicle_detection,0.283,0,False,mid_visit,CT03
CT03,3,CT03,08060093.JPG,2025-08-06 14:00:12,vehicle_labelled,0.972,0,False,mid_visit,CT03
CT03,3,CT03,08060094.JPG,2025-08-06 14:00:13,vehicle_labelled,0.819,0,False,mid_visit,CT03
CT03,3,CT03,08120096.JPG,2025-08-12 14:12:13,vehicle_labelled,0.706,0,False,mid_visit,CT03
CT03,3,CT03,08120097.JPG,2025-08-12 14:12:14,vehicle_labelled,0.919,0,False,mid_visit,CT03
CT03,3,CT03,08120099.JPG,2025-08-12 14:12:23,vehicle_labelled,0.978,0,False,mid_visit,CT03
CT03,3,CT03,08120100.JPG,2025-08-12 14:12:24,vehicle_labelled,0.967,0,False,mid_visit,CT03
CT03,3,CT03,08120101.JPG,2025-08-12 14:16:57,vehicle_labelled,0.95,0,False,mid_visit,CT03
CT03,3,CT03,08120102.JPG,2025-08-12 14:16:58,vehicle_labelled,0.811,0,False,mid_visit,CT03
CT03,3,CT03,08130103.JPG,2025-08-13 14:02:21,human_labelled,0.893,0,False,mid_visit,CT03
CT03,3,CT03,08130104.JPG,2025-08-13 14:02:22,human_labelled,0.973,0,False,mid_visit,CT03
CT03,3,CT03,08260106.JPG,2025-08-26 13:30:28,vehicle_labelled,0.933,0,False,mid_visit,CT03
CT03,3,CT03,08260107.JPG,2025-08-26 13:30:29,vehicle_labelled,0.971,0,False,mid_visit,CT03
CT03,3,CT03,08260108.JPG,2025-08-26 13:30:30,vehicle_labelled,0.966,0,False,mid_visit,CT03
CT03,3,CT03,08260109.JPG,2025-08-26 13:36:48,vehicle_labelled,0.968,0,False,mid_visit,CT03
CT03,3,CT03,08260110.JPG,2025-08-26 13:36:49,vehicle_labelled,0.962,0,False,mid_visit,CT03
CT03,3,CT03,08260111.JPG,2025-08-26 13:36:50,vehicle_labelled,0.657,0,False,mid_visit,CT03
CT03,3,CT03,09020118.JPG,2025-09-02 16:22:17,human_labelled,0.777,0,False,mid_visit,CT03
CT03,3,CT03,09020119.JPG,2025-09-02 16:22:18,vehicle_labelled,0.796,0,False,mid_visit,CT03
CT03,3,CT03,09020120.JPG,2025-09-02 16:28:35,vehicle_labelled,0.886,0,False,mid_visit,CT03
CT03,3,CT03,09020121.JPG,2025-09-02 16:28:36,vehicle_detection,0.275,0,False,mid_visit,CT03
CT03,3,CT03,09040122.JPG,2025-09-04 09:44:28,human_labelled,0.953,0,False,mid_visit,CT03
CT03,3,CT03,09040123.JPG,2025-09-04 09:44:29,human_labelled,0.975,0,False,mid_visit,CT03
CT03,3,CT03,09040124.JPG,2025-09-04 11:23:40,human_labelled,0.971,0,False,mid_visit,CT03
CT03,3,CT03,09040125.JPG,2025-09-04 11:23:41,human_labelled,0.975,0,False,mid_visit,CT03
CT03,3,CT03,09040126.JPG,2025-09-04 16:11:07,vehicle_labelled,0.699,0,False,mid_visit,CT03
CT03,3,CT03,09040127.JPG,2025-09-04 16:11:08,vehicle_labelled,0.941,0,False,mid_visit,CT03
CT03,3,CT03,09040128.JPG,2025-09-04 16:15:53,vehicle_labelled,0.965,0,False,mid_visit,CT03
CT03,3,CT03,09040129.JPG,2025-09-04 16:15:53,vehicle_labelled,0.949,0,False,mid_visit,CT03
CT03,3,CT03,09050131.JPG,2025-09-05 09:27:37,vehicle_labelled,0.927,0,False,mid_visit,CT03
CT03,3,CT03,09050132.JPG,2025-09-05 09:42:23,vehicle_labelled,0.959,0,False,mid_visit,CT03
CT03,3,CT03,09050133.JPG,2025-09-05 09:42:24,vehicle_labelled,0.972,0,False,mid_visit,CT03
CT03,3,CT03,09050134.JPG,2025-09-05 10:06:19,vehicle_labelled,0.968,0,False,mid_visit,CT03
CT03,3,CT03,09050135.JPG,2025-09-05 10:06:20,vehicle_labelled,0.964,0,False,mid_visit,CT03
CT03,3,CT03,09050136.JPG,2025-09-05 10:09:09,vehicle_labelled,0.967,0,False,mid_visit,CT03
CT03,3,CT03,09050137.JPG,2025-09-05 10:09:10,vehicle_labelled,0.975,0,False,mid_visit,CT03
CT03,3,CT03,09100140.JPG,2025-09-10 14:09:17,vehicle_labelled,0.95,0,False,mid_visit,CT03
CT03,3,CT03,09100141.JPG,2025-09-10 14:09:18,vehicle_labelled,0.983,0,False,mid_visit,CT03
CT03,3,CT03,09100142.JPG,2025-09-10 14:12:25,vehicle_labelled,0.961,0,False,mid_visit,CT03
CT03,3,CT03,09100143.JPG,2025-09-10 14:12:26,vehicle_labelled,0.976,0,False,mid_visit,CT03
CT03,3,CT03,09110144.JPG,2025-09-11 12:22:55,vehicle_labelled,0.929,0,False,mid_visit,CT03
CT03,3,CT03,09110145.JPG,2025-09-11 12:22:56,vehicle_labelled,0.974,0,False,mid_visit,CT03
CT03,3,CT03,09110146.JPG,2025-09-11 13:13:09,vehicle_labelled,0.961,0,False,mid_visit,CT03
CT03,3,CT03,09110147.JPG,2025-09-11 13:13:10,vehicle_labelled,0.952,0,False,mid_visit,CT03
CT03,3,CT03,09170148.JPG,2025-09-17 10:02:36,human_labelled,0.962,0,False,mid_visit,CT03
CT03,3,CT03,09170149.JPG,2025-09-17 10:02:37,human_labelled,0.965,0,False,mid_visit,CT03
CT03,3,CT03,09230150.JPG,2025-09-23 08:46:15,vehicle_labelled,0.869,0,False,mid_visit,CT03
CT03,3,CT03,09230151.JPG,2025-09-23 08:46:16,vehicle_labelled,0.947,0,False,mid_visit,CT03
CT03,3,CT03,09230152.JPG,2025-09-23 08:52:16,vehicle_labelled,0.963,0,False,mid_visit,CT03
CT03,3,CT03,09230153.JPG,2025-09-23 08:52:17,vehicle_labelled,0.883,0,False,mid_visit,CT03
CT03,3,CT03,09280157.JPG,2025-09-28 14:32:13,vehicle_labelled,0.932,0,False,mid_visit,CT03
CT03,3,CT03,09280158.JPG,2025-09-28 14:32:13,vehicle_labelled,0.975,0,False,mid_visit,CT03
CT03,3,CT03,09280159.JPG,2025-09-28 14:36:01,vehicle_labelled,0.966,0,False,mid_visit,CT03
CT03,3,CT03,09280160.JPG,2025-09-28 14:36:02,vehicle_labelled,0.934,0,False,mid_visit,CT03
CT03,3,CT03,10090162.JPG,2025-10-09 12:51:37,vehicle_labelled,0.959,0,False,mid_visit,CT03
CT03,3,CT03,10090163.JPG,2025-10-09 12:51:43,vehicle_labelled,0.69,0,False,mid_visit,CT03
CT03,3,CT03,10090165.JPG,2025-10-09 12:58:12,vehicle_labelled,0.967,0,False,mid_visit,CT03
CT03,3,CT03,10090166.JPG,2025-10-09 12:58:13,vehicle_labelled,0.968,0,False,mid_visit,CT03
CT03,3,CT03,10090167.JPG,2025-10-09 13:24:02,vehicle_labelled,0.975,0,False,mid_visit,CT03
CT03,3,CT03,10090168.JPG,2025-10-09 13:24:03,vehicle_labelled,0.988,0,False,mid_visit,CT03
CT03,3,CT03,10090169.JPG,2025-10-09 13:25:53,vehicle_labelled,0.91,0,False,mid_visit,CT03
CT03,3,CT03,10090170.JPG,2025-10-09 13:25:54,vehicle_labelled,0.931,0,False,mid_visit,CT03
CT03,3,CT03,10090171.JPG,2025-10-09 13:26:11,vehicle_labelled,0.927,0,False,mid_visit,CT03
CT03,3,CT03,10090172.JPG,2025-10-09 13:26:12,vehicle_labelled,0.945,0,False,mid_visit,CT03
CT03,3,CT03,10090173.JPG,2025-10-09 13:26:18,vehicle_labelled,0.967,0,False,mid_visit,CT03
CT03,3,CT03,10090174.JPG,2025-10-09 13:26:19,vehicle_labelled,0.961,0,False,mid_visit,CT03
CT03,3,CT03,10090175.JPG,2025-10-09 13:27:44,vehicle_labelled,0.967,0,False,mid_visit,CT03
CT03,3,CT03,10090176.JPG,2025-10-09 13:27:45,vehicle_labelled,0.973,0,False,mid_visit,CT03
CT03,3,CT03,10150177.JPG,2025-10-15 13:33:26,vehicle_labelled,0.961,0,False,mid_visit,CT03
CT03,3,CT03,10150178.JPG,2025-10-15 13:33:27,vehicle_labelled,0.981,0,False,mid_visit,CT03
CT03,3,CT03,10150179.JPG,2025-10-15 13:36:51,vehicle_labelled,0.973,0,False,mid_visit,CT03
CT03,3,CT03,10150180.JPG,2025-10-15 13:36:52,vehicle_labelled,0.978,0,False,mid_visit,CT03
CT03,3,CT03,11280191.JPG,2025-11-28 18:55:47,human_labelled,0.941,0,False,mid_visit,CT03
CT03,3,CT03,11280192.JPG,2025-11-28 18:55:48,human_labelled,0.94,0,False,mid_visit,CT03
CT03,3,CT03,12020193.JPG,2025-12-02 07:49:09,vehicle_labelled,0.511,0,False,mid_visit,CT03
CT03,3,CT03,12020194.JPG,2025-12-02 07:49:10,vehicle_labelled,0.968,0,False,mid_visit,CT03
CT03,3,CT03,12020195.JPG,2025-12-02 07:59:45,vehicle_labelled,0.917,0,False,mid_visit,CT03
CT03,3,CT03,12020196.JPG,2025-12-02 07:59:46,vehicle_labelled,0.93,0,False,mid_visit,CT03
CT03,3,CT03,12020197.JPG,2025-12-02 15:42:51,human_labelled,0.696,0,False,mid_visit,CT03
CT03,3,CT03,12020198.JPG,2025-12-02 15:42:52,vehicle_labelled,0.819,0,False,mid_visit,CT03
CT03,3,CT03,12020199.JPG,2025-12-02 15:45:56,vehicle_labelled,0.925,0,False,mid_visit,CT03
CT03,3,CT03,12020200.JPG,2025-12-02 15:45:57,vehicle_labelled,0.888,0,False,mid_visit,CT03
CT03,3,CT03,12210223.JPG,2025-12-21 12:09:08,vehicle_labelled,0.971,0,False,mid_visit,CT03
CT03,3,CT03,12210224.JPG,2025-12-21 12:09:09,vehicle_labelled,0.935,0,False,mid_visit,CT03
CT03,3,CT03,12210225.JPG,2025-12-21 12:12:10,vehicle_labelled,0.851,0,False,mid_visit,CT03
CT03,3,CT03,12210226.JPG,2025-12-21 12:12:11,vehicle_labelled,0.934,0,False,mid_visit,CT03
CT03,3,CT03,12260234.JPG,2025-12-26 13:01:26,vehicle_labelled,0.912,0,False,mid_visit,CT03
CT03,3,CT03,01010236.JPG,2026-01-01 11:26:41,human_labelled,0.943,0,False,mid_visit,CT03
CT03,3,CT03,01010237.JPG,2026-01-01 11:26:42,human_labelled,0.952,0,False,mid_visit,CT03
CT03,3,CT03,01010238.JPG,2026-01-01 11:26:48,human_labelled,0.972,0,False,mid_visit,CT03
CT03,3,CT03,01010239.JPG,2026-01-01 11:26:49,human_labelled,0.948,0,False,mid_visit,CT03
CT03,3,CT03,01010240.JPG,2026-01-01 11:38:52,human_labelled,0.958,0,False,mid_visit,CT03
CT03,3,CT03,01010241.JPG,2026-01-01 11:38:53,human_labelled,0.948,0,False,mid_visit,CT03
CT03,3,CT03,01100253.JPG,2026-01-10 10:12:38,vehicle_labelled,0.876,0,False,mid_visit,CT03
CT03,3,CT03,01100257.JPG,2026-01-10 10:21:05,vehicle_labelled,0.924,0,False,mid_visit,CT03
CT03,3,CT03,01100258.JPG,2026-01-10 10:21:06,vehicle_labelled,0.873,0,False,mid_visit,CT03
CT03,3,CT03,01130274.JPG,2026-01-13 15:29:17,human_labelled,0.968,0,False,retrieval,CT03
CT03,3,CT03,01130275.JPG,2026-01-13 15:29:18,human_labelled,0.928,0,False,retrieval,CT03
CT04,4,CT04,05140001.JPG,2025-05-14 11:39:33,human_labelled,0.959,0,False,install,CT04
CT04,4,CT04,05140002.JPG,2025-05-14 11:39:34,human_labelled,0.928,0,False,install,CT04
CT04,4,CT04,05140003.JPG,2025-05-14 11:39:35,human_labelled,0.853,0,False,install,CT04
CT04,4,CT04,06270009.JPG,2025-06-27 13:35:51,human_labelled,0.968,0,False,mid_visit,CT04
CT04,4,CT04,06270010.JPG,2025-06-27 13:35:52,human_labelled,0.947,0,False,mid_visit,CT04
CT04,4,CT04,06270013.JPG,2025-06-27 13:40:35,human_labelled,0.94,0,False,mid_visit,CT04
CT04,4,CT04,06270014.JPG,2025-06-27 13:40:36,human_labelled,0.938,0,False,mid_visit,CT04
CT04,4,CT04,06270015.JPG,2025-06-27 13:40:37,human_labelled,0.952,0,False,mid_visit,CT04
CT04,4,CT04,06270017.JPG,2025-06-27 13:47:10,human_labelled,0.972,0,False,mid_visit,CT04
CT04,4,CT04,06270018.JPG,2025-06-27 13:47:11,human_labelled,0.967,0,False,mid_visit,CT04
CT04,4,CT04,06270019.JPG,2025-06-27 13:47:12,human_labelled,0.962,0,False,mid_visit,CT04
CT04,4,CT04,07220025.JPG,2025-07-22 11:12:32,human_labelled,0.973,0,False,mid_visit,CT04
CT04,4,CT04,07220026.JPG,2025-07-22 11:12:33,human_labelled,0.963,0,False,mid_visit,CT04
CT04,4,CT04,07220029.JPG,2025-07-22 11:14:32,human_labelled,0.907,0,False,mid_visit,CT04
CT04,4,CT04,07220030.JPG,2025-07-22 11:14:33,human_labelled,0.974,0,False,mid_visit,CT04
CT04,4,CT04,07220031.JPG,2025-07-22 11:14:34,human_labelled,0.973,0,False,mid_visit,CT04
CT04,4,CT04,09050097.JPG,2025-09-05 14:04:03,human_labelled,0.973,0,False,mid_visit,CT04
CT04,4,CT04,09050098.JPG,2025-09-05 14:04:04,human_labelled,0.979,0,False,mid_visit,CT04
CT04,4,CT04,09050099.JPG,2025-09-05 14:04:04,human_labelled,0.976,0,False,mid_visit,CT04
CT04,4,CT04,09300129.JPG,2025-09-30 15:14:34,human_labelled,0.976,0,False,mid_visit,CT04
CT04,4,CT04,09300130.JPG,2025-09-30 15:14:35,human_labelled,0.977,0,False,mid_visit,CT04
CT04,4,CT04,09300131.JPG,2025-09-30 15:14:36,human_labelled,0.954,0,False,mid_visit,CT04
CT04,4,CT04,09300133.JPG,2025-09-30 15:16:39,human_labelled,0.964,0,False,mid_visit,CT04
CT04,4,CT04,09300134.JPG,2025-09-30 15:16:40,human_labelled,0.956,0,False,mid_visit,CT04
CT04,4,CT04,09300135.JPG,2025-09-30 15:16:40,human_labelled,0.974,0,False,mid_visit,CT04
CT04,4,CT04,09300137.JPG,2025-09-30 15:17:16,human_labelled,0.961,0,False,mid_visit,CT04
CT04,4,CT04,09300138.JPG,2025-09-30 15:17:16,human_labelled,0.979,0,False,mid_visit,CT04
CT04,4,CT04,09300139.JPG,2025-09-30 15:17:17,human_labelled,0.975,0,False,mid_visit,CT04
CT04,4,CT04,10260225.JPG,2025-10-26 14:35:36,human_labelled,0.976,0,False,mid_visit,CT04
CT04,4,CT04,10260226.JPG,2025-10-26 14:35:37,human_labelled,0.976,0,False,mid_visit,CT04
CT04,4,CT04,10260227.JPG,2025-10-26 14:35:37,human_labelled,0.959,0,False,mid_visit,CT04
CT04,4,CT04,11210257.JPG,2025-11-21 12:16:01,human_labelled,0.966,0,False,retrieval,CT04
CT04,4,CT04,11210258.JPG,2025-11-21 12:16:02,human_labelled,0.977,0,False,retrieval,CT04
CT04,4,CT04,11210259.JPG,2025-11-21 12:16:03,human_labelled,0.976,0,False,retrieval,CT04
CT05,5,CT05,07110001.JPG,2025-07-11 20:24:09,counter_0001,,0,False,install,CT05
CT06,6,CT06,05140001.JPG,2025-05-14 13:55:11,human_labelled,0.977,0,False,install,CT06
CT06,6,CT06,05140002.JPG,2025-05-14 13:55:13,human_labelled,0.978,0,False,install,CT06
CT06,6,CT06,05140003.JPG,2025-05-14 13:55:15,human_labelled,0.974,0,False,install,CT06
CT06,6,CT06,05140004.JPG,2025-05-14 13:55:17,human_labelled,0.976,0,False,install,CT06
CT06,6,CT06,05140005.JPG,2025-05-14 13:55:18,human_labelled,0.976,0,False,install,CT06
CT06,6,CT06,05140006.JPG,2025-05-14 13:55:20,human_labelled,0.976,0,False,install,CT06
CT06,6,CT06,05140007.JPG,2025-05-14 13:55:24,human_labelled,0.977,0,False,install,CT06
CT06,6,CT06,05140008.JPG,2025-05-14 13:55:26,human_labelled,0.924,0,False,install,CT06
CT06,6,CT06,05140009.JPG,2025-05-14 13:55:28,human_labelled,0.966,0,False,install,CT06
CT06,6,CT06,05140010.JPG,2025-05-14 13:55:30,human_labelled,0.818,0,False,install,CT06
CT06,6,CT06,11130013.JPG,2025-11-13 16:02:41,human_labelled,0.956,0,False,retrieval,CT06
CT06,6,CT06,11130014.JPG,2025-11-13 16:02:43,human_labelled,0.975,0,False,retrieval,CT06
CT06,6,CT06,11130015.JPG,2025-11-13 16:02:45,human_labelled,0.952,0,False,retrieval,CT06
CT06,6,CT06,11130016.JPG,2025-11-13 16:02:46,human_labelled,0.731,0,False,retrieval,CT06
CT06,6,CT06,11130017.JPG,2025-11-13 16:02:48,human_labelled,0.857,0,False,retrieval,CT06
CT06,6,CT06,11130018.JPG,2025-11-13 16:02:49,human_labelled,0.949,0,False,retrieval,CT06
CT06,6,CT06,11130019.JPG,2025-11-13 16:02:52,human_labelled,0.926,0,False,retrieval,CT06
CT06,6,CT06,11130020.JPG,2025-11-13 16:02:54,human_labelled,0.861,0,False,retrieval,CT06
CT06,6,CT06,11130021.JPG,2025-11-13 16:02:56,human_labelled,0.853,0,False,retrieval,CT06
CT07,7,CT07,06040001.JPG,2025-06-04 13:59:18,human_labelled,0.8,0,False,install,CT07
CT07,7,CT07,06040002.JPG,2025-06-04 13:59:19,human_labelled,0.57,0,False,install,CT07
CT08,8,CT08,08130001.JPG,2025-08-13 08:54:58,counter_0001,,0,True,install,CT08
CT08,8,CT08,08290150.JPG,2025-08-29 14:44:00,person_detection,0.291,0,True,mid_visit,CT08
CT08,8,CT08,08290222.JPG,2025-08-29 23:55:30,human_labelled,0.425,0,True,mid_visit,CT08
CT08,8,CT08,09090001.JPG,2025-09-09 07:13:24,counter_0001,,0,True,mid_visit,CT08
CT08,8,CT08,10270001.JPG,2025-10-27 23:36:15,counter_0001,,0,True,mid_visit,CT08
CT08,8,CT08,01130962.JPG,2026-01-13 12:45:30,human_labelled,0.38,0,True,retrieval,CT08
CT08,8,CT08,01130963.JPG,2026-01-13 12:45:31,human_labelled,0.498,0,True,retrieval,CT08
CT08,8,CT08,01130964.JPG,2026-01-13 12:45:32,human_labelled,0.921,0,True,retrieval,CT08
CT09,9,CT09,05160001.JPG,2025-05-16 16:49:20,counter_0001,,0,False,install,CT09
CT09,9,CT09,11200060.JPG,2025-11-20 15:43:23,human_labelled,0.539,0,False,retrieval,CT09
CT09,9,CT09,11200063.JPG,2025-11-20 15:44:03,human_labelled,0.972,0,False,retrieval,CT09
CT09,9,CT09,11200064.JPG,2025-11-20 15:44:05,human_labelled,0.969,0,False,retrieval,CT09
CT09,9,CT09,11200065.JPG,2025-11-20 15:44:08,human_labelled,0.915,0,False,retrieval,CT09
CT09,9,CT09,11200067.JPG,2025-11-20 15:44:44,human_labelled,0.894,0,False,retrieval,CT09
CT09,9,CT09,11200068.JPG,2025-11-20 15:44:48,person_detection,0.268,0,False,retrieval,CT09
CT09,9,CT09,11200069.JPG,2025-11-20 15:44:51,human_labelled,0.761,0,False,retrieval,CT09
CT09,9,CT09,11200070.JPG,2025-11-20 15:44:54,human_labelled,0.919,0,False,retrieval,CT09
CT09,9,CT09,11210074.JPG,2025-11-21 11:43:26,human_labelled,0.901,0,False,retrieval,CT09
CT09,9,CT09,11210075.JPG,2025-11-21 11:43:29,human_labelled,0.953,0,False,retrieval,CT09
CT09,9,CT09,11210076.JPG,2025-11-21 11:43:30,human_labelled,0.953,0,False,retrieval,CT09
CT09,9,CT09,11210077.JPG,2025-11-21 11:43:34,human_labelled,0.973,0,False,retrieval,CT09
CT09,9,CT09,11210078.JPG,2025-11-21 11:43:36,human_labelled,0.98,0,False,retrieval,CT09
CT09,9,CT09,11210079.JPG,2025-11-21 11:43:38,human_labelled,0.934,0,False,retrieval,CT09
CT09,9,CT09,11210080.JPG,2025-11-21 11:43:40,human_labelled,0.925,0,False,retrieval,CT09
CT09,9,CT09,11210081.JPG,2025-11-21 11:43:41,human_labelled,0.961,0,False,retrieval,CT09
CT09,9,CT09,11210082.JPG,2025-11-21 11:43:43,human_labelled,0.961,0,False,retrieval,CT09
CT10,10,CT10,06080001.JPG,2025-06-08 20:59:25,counter_0001,,0,False,install,CT10
CT10,10,CT10,06090005.JPG,2025-06-09 15:19:18,human_labelled,0.964,0,False,install,CT10
CT10,10,CT10,06090006.JPG,2025-06-09 15:19:19,human_labelled,0.943,0,False,install,CT10
CT10,10,CT10,06090007.JPG,2025-06-09 15:19:20,human_labelled,0.968,0,False,install,CT10
CT10,10,CT10,06090009.JPG,2025-06-09 15:19:35,human_labelled,0.969,0,False,install,CT10
CT10,10,CT10,06090010.JPG,2025-06-09 15:19:36,human_labelled,0.972,0,False,install,CT10
CT10,10,CT10,06090011.JPG,2025-06-09 15:19:37,human_labelled,0.969,0,False,install,CT10
CT10,10,CT10,06090013.JPG,2025-06-09 16:38:59,human_labelled,0.97,0,False,install,CT10
CT10,10,CT10,06090014.JPG,2025-06-09 16:39:00,human_labelled,0.976,0,False,install,CT10
CT10,10,CT10,06090015.JPG,2025-06-09 16:39:01,human_labelled,0.975,0,False,install,CT10
CT10,10,CT10,07040025.JPG,2025-07-04 09:47:16,human_labelled,0.977,0,False,mid_visit,CT10
CT10,10,CT10,07040026.JPG,2025-07-04 09:47:16,human_labelled,0.971,0,False,mid_visit,CT10
CT10,10,CT10,07040027.JPG,2025-07-04 09:47:17,human_labelled,0.976,0,False,mid_visit,CT10
CT10,10,CT10,07040029.JPG,2025-07-04 10:16:21,human_labelled,0.958,0,False,mid_visit,CT10
CT10,10,CT10,07040030.JPG,2025-07-04 10:16:22,human_labelled,0.973,0,False,mid_visit,CT10
CT10,10,CT10,07040031.JPG,2025-07-04 10:16:22,human_labelled,0.967,0,False,mid_visit,CT10
CT10,10,CT10,07310037.JPG,2025-07-31 09:45:17,human_labelled,0.905,0,False,mid_visit,CT10
CT10,10,CT10,07310038.JPG,2025-07-31 09:45:17,human_labelled,0.946,0,False,mid_visit,CT10
CT10,10,CT10,07310039.JPG,2025-07-31 09:45:18,human_labelled,0.964,0,False,mid_visit,CT10
CT10,10,CT10,08120049.JPG,2025-08-12 10:03:08,human_labelled,0.952,0,False,mid_visit,CT10
CT10,10,CT10,08120050.JPG,2025-08-12 10:03:09,human_labelled,0.938,0,False,mid_visit,CT10
CT10,10,CT10,08120051.JPG,2025-08-12 10:03:10,human_labelled,0.96,0,False,mid_visit,CT10
CT10,10,CT10,08120053.JPG,2025-08-12 10:27:28,human_labelled,0.974,0,False,mid_visit,CT10
CT10,10,CT10,08120054.JPG,2025-08-12 10:27:29,human_labelled,0.972,0,False,mid_visit,CT10
CT10,10,CT10,08120055.JPG,2025-08-12 10:27:30,human_labelled,0.959,0,False,mid_visit,CT10
CT10,10,CT10,08190057.JPG,2025-08-19 09:50:07,human_labelled,0.976,0,False,mid_visit,CT10
CT10,10,CT10,08190058.JPG,2025-08-19 09:50:08,human_labelled,0.975,0,False,mid_visit,CT10
CT10,10,CT10,08190059.JPG,2025-08-19 09:50:09,human_labelled,0.962,0,False,mid_visit,CT10
CT10,10,CT10,11170185.JPG,2025-11-17 07:52:19,human_labelled,0.971,0,False,mid_visit,CT10
CT10,10,CT10,11170186.JPG,2025-11-17 07:52:20,human_labelled,0.978,0,False,mid_visit,CT10
CT10,10,CT10,11170187.JPG,2025-11-17 07:52:21,human_labelled,0.975,0,False,mid_visit,CT10
CT10,10,CT10,11170189.JPG,2025-11-17 09:33:23,human_labelled,0.967,0,False,mid_visit,CT10
CT10,10,CT10,11170190.JPG,2025-11-17 09:33:24,human_labelled,0.976,0,False,mid_visit,CT10
CT10,10,CT10,11170191.JPG,2025-11-17 09:33:25,human_labelled,0.963,0,False,mid_visit,CT10
CT10,10,CT10,11250205.JPG,2025-11-25 11:25:15,human_labelled,0.969,0,False,retrieval,CT10
CT10,10,CT10,11250206.JPG,2025-11-25 11:25:16,human_labelled,0.976,0,False,retrieval,CT10
CT10,10,CT10,11250207.JPG,2025-11-25 11:25:17,human_labelled,0.969,0,False,retrieval,CT10
CT10,10,CT10,11250209.JPG,2025-11-25 12:49:34,human_labelled,0.975,0,False,retrieval,CT10
CT10,10,CT10,11250210.JPG,2025-11-25 12:49:34,human_labelled,0.978,0,False,retrieval,CT10
CT10,10,CT10,11250211.JPG,2025-11-25 12:49:35,human_labelled,0.977,0,False,retrieval,CT10
CT10,10,CT10,11250214.JPG,2025-11-25 12:49:57,human_labelled,0.89,0,False,retrieval,CT10
CT10,10,CT10,11250215.JPG,2025-11-25 12:49:58,human_labelled,0.954,0,False,retrieval,CT10
CT11,11,CT11,07050001.JPG,2025-07-05 00:58:58,counter_0001,,0,False,install,CT11
CT11,11,CT11,11250682.JPG,2025-11-25 11:04:43,human_labelled,0.962,0,False,retrieval,CT11
CT11,11,CT11,11250683.JPG,2025-11-25 11:04:43,human_labelled,0.956,0,False,retrieval,CT11
CT11,11,CT11,11250684.JPG,2025-11-25 11:04:44,human_labelled,0.939,0,False,retrieval,CT11
CT11,11,CT11,11250686.JPG,2025-11-25 11:05:20,human_labelled,0.855,0,False,retrieval,CT11
CT11,11,CT11,11250687.JPG,2025-11-25 11:05:20,human_labelled,0.72,0,False,retrieval,CT11
CT11,11,CT11,11250688.JPG,2025-11-25 11:05:21,human_labelled,0.906,0,False,retrieval,CT11
CT11,11,CT11,11250691.JPG,2025-11-25 11:05:40,human_labelled,0.963,0,False,retrieval,CT11
CT11,11,CT11,11250692.JPG,2025-11-25 11:05:41,human_labelled,0.964,0,False,retrieval,CT11
CT12,12,CT12,06070001.JPG,2025-06-07 06:49:08,counter_0001,,0,False,install,CT12
CT12,12,CT12,11250153.JPG,2025-11-25 09:56:12,human_labelled,0.953,0,False,retrieval,CT12
CT12,12,CT12,11250154.JPG,2025-11-25 09:56:12,human_labelled,0.851,0,False,retrieval,CT12
CT12,12,CT12,11250155.JPG,2025-11-25 09:56:13,human_labelled,0.836,0,False,retrieval,CT12
CT12,12,CT12,11250157.JPG,2025-11-25 09:57:18,human_labelled,0.913,0,False,retrieval,CT12
CT12,12,CT12,11250158.JPG,2025-11-25 09:57:19,human_labelled,0.928,0,False,retrieval,CT12
CT12,12,CT12,11250159.JPG,2025-11-25 09:57:19,human_labelled,0.913,0,False,retrieval,CT12
CT12,12,CT12,11250161.JPG,2025-11-25 10:01:41,human_labelled,0.887,0,False,retrieval,CT12
CT12,12,CT12,11250162.JPG,2025-11-25 10:01:42,human_labelled,0.929,0,False,retrieval,CT12
CT12,12,CT12,11250163.JPG,2025-11-25 10:01:43,human_labelled,0.955,0,False,retrieval,CT12
CT12,12,CT12,11250165.JPG,2025-11-25 10:02:06,human_labelled,0.825,0,False,retrieval,CT12
CT12,12,CT12,11250166.JPG,2025-11-25 10:02:07,human_labelled,0.698,0,False,retrieval,CT12
CT12,12,CT12,11250167.JPG,2025-11-25 10:02:08,human_labelled,0.697,0,False,retrieval,CT12
CT13,13,CT13,07080001.JPG,2025-07-08 07:25:06,counter_0001,,0,False,install,CT13
CT13,13,CT13,09170061.JPG,2025-09-17 14:43:48,vehicle_labelled,0.959,0,False,mid_visit,CT13
CT13,13,CT13,09170062.JPG,2025-09-17 14:43:49,vehicle_labelled,0.968,0,False,mid_visit,CT13
CT13,13,CT13,09170063.JPG,2025-09-17 14:43:50,vehicle_labelled,0.952,0,False,mid_visit,CT13
CT13,13,CT13,10140069.JPG,2025-10-14 09:57:43,vehicle_labelled,0.927,0,False,mid_visit,CT13
CT13,13,CT13,10140070.JPG,2025-10-14 09:57:44,vehicle_labelled,0.956,0,False,mid_visit,CT13
CT13,13,CT13,10140071.JPG,2025-10-14 09:57:44,vehicle_labelled,0.962,0,False,mid_visit,CT13
CT13,13,CT13,11250101.JPG,2025-11-25 10:43:16,human_labelled,0.754,0,False,retrieval,CT13
CT13,13,CT13,11250102.JPG,2025-11-25 10:43:17,human_labelled,0.899,0,False,retrieval,CT13
CT13,13,CT13,11250103.JPG,2025-11-25 10:43:18,human_labelled,0.938,0,False,retrieval,CT13
CT13,13,CT13,11250105.JPG,2025-11-25 10:43:36,human_labelled,0.882,0,False,retrieval,CT13
CT13,13,CT13,11250106.JPG,2025-11-25 10:43:37,human_labelled,0.964,0,False,retrieval,CT13
CT13,13,CT13,11250107.JPG,2025-11-25 10:43:38,human_labelled,0.958,0,False,retrieval,CT13
CT14,14,CT14,06040001.JPG,2025-06-04 15:28:01,counter_0001,,0,False,install,CT14
CT14,14,CT14,06050001.JPG,2025-06-05 07:00:00,counter_0001,,0,False,install,CT14
CT14,14,CT14,102EK113_06050001.JPG,2025-06-05 17:32:01,counter_0001,,0,False,mid_visit,CT14
CT14,14,CT14,06060001.JPG,2025-06-06 14:03:00,counter_0001,,0,False,mid_visit,CT14
CT14,14,CT14,104EK113_06060001.JPG,2025-06-06 19:36:00,counter_0001,,0,False,mid_visit,CT14
CT14,14,CT14,06070001.JPG,2025-06-07 16:07:01,counter_0001,,0,False,mid_visit,CT14
CT14,14,CT14,06080001.JPG,2025-06-08 07:39:00,counter_0001,,0,False,mid_visit,CT14
CT14,14,CT14,09290823.JPG,2025-09-29 12:27:01,human_labelled,0.961,0,False,mid_visit,CT14
CT14,14,CT14,09290824.JPG,2025-09-29 12:27:02,human_labelled,0.948,0,False,mid_visit,CT14
CT14,14,CT14,09290825.JPG,2025-09-29 12:27:03,human_labelled,0.979,0,False,mid_visit,CT14
CT14,14,CT14,09290826.JPG,2025-09-29 12:27:04,human_labelled,0.975,0,False,mid_visit,CT14
CT14,14,CT14,09290827.JPG,2025-09-29 12:27:05,human_labelled,0.974,0,False,mid_visit,CT14
CT14,14,CT14,09290828.JPG,2025-09-29 12:27:05,human_labelled,0.845,0,False,mid_visit,CT14
CT14,14,CT14,09290829.JPG,2025-09-29 13:17:26,human_labelled,0.969,0,False,mid_visit,CT14
CT14,14,CT14,09290830.JPG,2025-09-29 13:17:26,human_labelled,0.979,0,False,mid_visit,CT14
CT14,14,CT14,09290831.JPG,2025-09-29 13:17:27,human_labelled,0.922,0,False,mid_visit,CT14
CT14,14,CT14,10280838.JPG,2025-10-28 10:04:39,human_labelled,0.969,0,False,mid_visit,CT14
CT14,14,CT14,10280839.JPG,2025-10-28 10:04:40,human_labelled,0.969,0,False,mid_visit,CT14
CT14,14,CT14,10280840.JPG,2025-10-28 10:04:40,human_labelled,0.975,0,False,mid_visit,CT14
CT14,14,CT14,10280844.JPG,2025-10-28 10:06:16,human_labelled,0.934,0,False,mid_visit,CT14
CT14,14,CT14,10280845.JPG,2025-10-28 10:06:17,human_labelled,0.966,0,False,mid_visit,CT14
CT14,14,CT14,10280846.JPG,2025-10-28 10:06:18,human_labelled,0.967,0,False,mid_visit,CT14
CT14,14,CT14,10280847.JPG,2025-10-28 10:06:25,human_labelled,0.93,0,False,mid_visit,CT14
CT14,14,CT14,10280848.JPG,2025-10-28 10:06:25,human_labelled,0.589,0,False,mid_visit,CT14
CT14,14,CT14,10280849.JPG,2025-10-28 10:06:26,human_labelled,0.963,0,False,mid_visit,CT14
CT14,14,CT14,10280850.JPG,2025-10-28 10:06:27,human_labelled,0.967,0,False,mid_visit,CT14
CT14,14,CT14,10280851.JPG,2025-10-28 10:06:28,human_labelled,0.971,0,False,mid_visit,CT14
CT14,14,CT14,10280852.JPG,2025-10-28 10:06:28,human_labelled,0.97,0,False,mid_visit,CT14
CT14,14,CT14,10280853.JPG,2025-10-28 10:06:35,human_labelled,0.963,0,False,mid_visit,CT14
CT14,14,CT14,10280854.JPG,2025-10-28 10:06:36,human_labelled,0.962,0,False,mid_visit,CT14
CT14,14,CT14,10280855.JPG,2025-10-28 10:06:37,human_labelled,0.952,0,False,mid_visit,CT14
CT14,14,CT14,10280856.JPG,2025-10-28 10:06:37,human_labelled,0.973,0,False,mid_visit,CT14
CT14,14,CT14,10280857.JPG,2025-10-28 10:06:38,human_labelled,0.977,0,False,mid_visit,CT14
CT14,14,CT14,10280858.JPG,2025-10-28 10:06:39,human_labelled,0.979,0,False,mid_visit,CT14
CT14,14,CT14,10280859.JPG,2025-10-28 12:37:53,human_labelled,0.945,0,False,mid_visit,CT14
CT14,14,CT14,10280860.JPG,2025-10-28 12:37:54,human_labelled,0.949,0,False,mid_visit,CT14
CT14,14,CT14,10280861.JPG,2025-10-28 12:37:54,human_labelled,0.971,0,False,mid_visit,CT14
CT14,14,CT14,10280862.JPG,2025-10-28 12:37:55,human_labelled,0.976,0,False,mid_visit,CT14
CT14,14,CT14,10280863.JPG,2025-10-28 12:37:56,human_labelled,0.951,0,False,mid_visit,CT14
CT14,14,CT14,10280864.JPG,2025-10-28 12:37:57,human_labelled,0.967,0,False,mid_visit,CT14
CT14,14,CT14,10280001.JPG,2025-10-28 14:45:01,counter_0001,,0,False,mid_visit,CT14
CT14,14,CT14,11120076.JPG,2025-11-12 14:46:09,person_detection,0.359,0,False,mid_visit,CT14
CT14,14,CT14,11120077.JPG,2025-11-12 14:46:10,human_labelled,0.412,0,False,mid_visit,CT14
CT14,14,CT14,11120078.JPG,2025-11-12 14:46:11,human_labelled,0.765,0,False,mid_visit,CT14
CT14,14,CT14,11140238.JPG,2025-11-14 08:16:29,human_labelled,0.544,0,False,mid_visit,CT14
CT14,14,CT14,11140249.JPG,2025-11-14 08:16:45,person_detection,0.306,0,False,mid_visit,CT14
CT14,14,CT14,11140258.JPG,2025-11-14 12:43:01,person_detection,0.23,0,False,mid_visit,CT14
CT14,14,CT14,11140265.JPG,2025-11-14 13:20:47,human_labelled,0.96,0,False,mid_visit,CT14
CT14,14,CT14,11140266.JPG,2025-11-14 13:20:48,human_labelled,0.976,0,False,mid_visit,CT14
CT14,14,CT14,11140267.JPG,2025-11-14 13:20:49,human_labelled,0.977,0,False,mid_visit,CT14
CT14,14,CT14,11140268.JPG,2025-11-14 13:20:50,human_labelled,0.977,0,False,mid_visit,CT14
CT14,14,CT14,11140269.JPG,2025-11-14 13:20:50,human_labelled,0.954,0,False,mid_visit,CT14
CT14,14,CT14,11140270.JPG,2025-11-14 13:20:51,human_labelled,0.974,0,False,mid_visit,CT14
CT14,14,CT14,11140271.JPG,2025-11-14 13:20:52,human_labelled,0.869,0,False,mid_visit,CT14
CT14,14,CT14,11140272.JPG,2025-11-14 13:20:53,human_labelled,0.923,0,False,mid_visit,CT14
CT14,14,CT14,11140273.JPG,2025-11-14 13:20:53,human_labelled,0.977,0,False,mid_visit,CT14
CT14,14,CT14,11140274.JPG,2025-11-14 13:20:54,human_labelled,0.977,0,False,mid_visit,CT14
CT14,14,CT14,11140275.JPG,2025-11-14 13:20:55,human_labelled,0.929,0,False,mid_visit,CT14
CT14,14,CT14,11140276.JPG,2025-11-14 13:20:56,human_labelled,0.932,0,False,mid_visit,CT14
CT14,14,CT14,11140277.JPG,2025-11-14 13:20:58,human_labelled,0.976,0,False,mid_visit,CT14
CT14,14,CT14,11140278.JPG,2025-11-14 13:20:59,human_labelled,0.974,0,False,mid_visit,CT14
CT14,14,CT14,11140279.JPG,2025-11-14 13:20:59,human_labelled,0.904,0,False,mid_visit,CT14
CT14,14,CT14,11140280.JPG,2025-11-14 13:21:00,human_labelled,0.93,0,False,mid_visit,CT14
CT14,14,CT14,11140281.JPG,2025-11-14 13:21:01,human_labelled,0.979,0,False,mid_visit,CT14
CT14,14,CT14,11140282.JPG,2025-11-14 13:21:02,human_labelled,0.972,0,False,mid_visit,CT14
CT14,14,CT14,11140283.JPG,2025-11-14 13:21:03,human_labelled,0.967,0,False,mid_visit,CT14
CT14,14,CT14,11140284.JPG,2025-11-14 13:21:03,human_labelled,0.96,0,False,mid_visit,CT14
CT14,14,CT14,11140285.JPG,2025-11-14 13:21:04,human_labelled,0.967,0,False,mid_visit,CT14
CT14,14,CT14,11140286.JPG,2025-11-14 13:21:05,human_labelled,0.964,0,False,mid_visit,CT14
CT14,14,CT14,11140287.JPG,2025-11-14 13:21:06,human_labelled,0.956,0,False,mid_visit,CT14
CT14,14,CT14,11140288.JPG,2025-11-14 13:21:07,human_labelled,0.94,0,False,mid_visit,CT14
CT14,14,CT14,11140289.JPG,2025-11-14 13:21:23,human_labelled,0.554,0,False,mid_visit,CT14
CT14,14,CT14,11140290.JPG,2025-11-14 13:21:24,human_labelled,0.975,0,False,mid_visit,CT14
CT14,14,CT14,11140291.JPG,2025-11-14 13:21:25,human_labelled,0.97,0,False,mid_visit,CT14
CT14,14,CT14,11140292.JPG,2025-11-14 13:21:26,human_labelled,0.964,0,False,mid_visit,CT14
CT14,14,CT14,11140293.JPG,2025-11-14 13:21:26,human_labelled,0.973,0,False,mid_visit,CT14
CT14,14,CT14,11140294.JPG,2025-11-14 13:21:27,human_labelled,0.953,0,False,mid_visit,CT14
CT14,14,CT14,11140295.JPG,2025-11-14 13:21:28,human_labelled,0.964,0,False,mid_visit,CT14
CT14,14,CT14,11140296.JPG,2025-11-14 13:21:29,human_labelled,0.977,0,False,mid_visit,CT14
CT14,14,CT14,11140297.JPG,2025-11-14 13:21:30,human_labelled,0.909,0,False,mid_visit,CT14
CT14,14,CT14,11140298.JPG,2025-11-14 13:21:31,human_labelled,0.901,0,False,mid_visit,CT14
CT14,14,CT14,11140299.JPG,2025-11-14 13:21:31,human_labelled,0.971,0,False,mid_visit,CT14
CT14,14,CT14,11140300.JPG,2025-11-14 13:21:32,human_labelled,0.973,0,False,mid_visit,CT14
CT14,14,CT14,11140301.JPG,2025-11-14 13:21:33,human_labelled,0.972,0,False,mid_visit,CT14
CT14,14,CT14,11140302.JPG,2025-11-14 13:21:34,human_labelled,0.964,0,False,mid_visit,CT14
CT14,14,CT14,11140303.JPG,2025-11-14 13:21:35,human_labelled,0.965,0,False,mid_visit,CT14
CT14,14,CT14,11140406.JPG,2025-11-14 15:09:05,human_labelled,0.959,0,False,mid_visit,CT14
CT14,14,CT14,11140407.JPG,2025-11-14 15:09:06,human_labelled,0.975,0,False,mid_visit,CT14
CT14,14,CT14,11140408.JPG,2025-11-14 15:09:07,human_labelled,0.975,0,False,mid_visit,CT14
CT14,14,CT14,11140409.JPG,2025-11-14 15:09:08,human_labelled,0.975,0,False,mid_visit,CT14
CT14,14,CT14,11140410.JPG,2025-11-14 15:09:08,human_labelled,0.97,0,False,mid_visit,CT14
CT14,14,CT14,11140411.JPG,2025-11-14 15:09:09,human_labelled,0.97,0,False,mid_visit,CT14
CT14,14,CT14,11140412.JPG,2025-11-14 15:09:10,human_labelled,0.966,0,False,mid_visit,CT14
CT14,14,CT14,11140413.JPG,2025-11-14 15:09:10,human_labelled,0.969,0,False,mid_visit,CT14
CT14,14,CT14,11140414.JPG,2025-11-14 15:09:11,human_labelled,0.952,0,False,mid_visit,CT14
CT14,14,CT14,11140415.JPG,2025-11-14 15:09:12,human_labelled,0.963,0,False,mid_visit,CT14
CT14,14,CT14,11140416.JPG,2025-11-14 15:09:13,human_labelled,0.974,0,False,mid_visit,CT14
CT14,14,CT14,11140417.JPG,2025-11-14 15:09:14,human_labelled,0.963,0,False,mid_visit,CT14
CT14,14,CT14,11140418.JPG,2025-11-14 15:09:15,human_labelled,0.961,0,False,mid_visit,CT14
CT14,14,CT14,11140419.JPG,2025-11-14 15:09:15,human_labelled,0.972,0,False,mid_visit,CT14
CT14,14,CT14,11140420.JPG,2025-11-14 15:09:16,human_labelled,0.966,0,False,mid_visit,CT14
CT14,14,CT14,11160667.JPG,2025-11-16 12:59:44,human_labelled,0.47,0,False,mid_visit,CT14
CT14,14,CT14,11290856.JPG,2025-11-29 11:07:52,human_labelled,0.975,0,False,mid_visit,CT14
CT14,14,CT14,11290857.JPG,2025-11-29 11:07:53,human_labelled,0.973,0,False,mid_visit,CT14
CT14,14,CT14,11290858.JPG,2025-11-29 11:07:54,human_labelled,0.972,0,False,mid_visit,CT14
CT14,14,CT14,11290859.JPG,2025-11-29 11:07:55,human_labelled,0.959,0,False,mid_visit,CT14
CT14,14,CT14,11290860.JPG,2025-11-29 11:07:55,human_labelled,0.959,0,False,mid_visit,CT14
CT14,14,CT14,11290861.JPG,2025-11-29 11:07:56,human_labelled,0.978,0,False,mid_visit,CT14
CT14,14,CT14,11290862.JPG,2025-11-29 11:07:57,human_labelled,0.82,0,False,mid_visit,CT14
CT14,14,CT14,11290863.JPG,2025-11-29 11:07:58,human_labelled,0.975,0,False,mid_visit,CT14
CT14,14,CT14,11290864.JPG,2025-11-29 11:07:59,human_labelled,0.937,0,False,mid_visit,CT14
CT14,14,CT14,11290865.JPG,2025-11-29 11:08:00,human_labelled,0.963,0,False,mid_visit,CT14
CT14,14,CT14,11290866.JPG,2025-11-29 11:08:00,human_labelled,0.964,0,False,mid_visit,CT14
CT14,14,CT14,11290867.JPG,2025-11-29 11:08:01,human_labelled,0.966,0,False,mid_visit,CT14
CT14,14,CT14,11290868.JPG,2025-11-29 12:50:52,human_labelled,0.958,0,False,mid_visit,CT14
CT14,14,CT14,11290869.JPG,2025-11-29 12:50:53,human_labelled,0.959,0,False,mid_visit,CT14
CT14,14,CT14,11290870.JPG,2025-11-29 12:50:53,human_labelled,0.959,0,False,mid_visit,CT14
CT14,14,CT14,11290871.JPG,2025-11-29 12:50:54,human_labelled,0.966,0,False,mid_visit,CT14
CT14,14,CT14,11290872.JPG,2025-11-29 12:50:55,human_labelled,0.96,0,False,mid_visit,CT14
CT14,14,CT14,11290873.JPG,2025-11-29 12:50:56,human_labelled,0.967,0,False,mid_visit,CT14
CT14,14,CT14,11290874.JPG,2025-11-29 12:50:57,human_labelled,0.965,0,False,mid_visit,CT14
CT14,14,CT14,11290875.JPG,2025-11-29 12:50:58,human_labelled,0.975,0,False,mid_visit,CT14
CT14,14,CT14,11290876.JPG,2025-11-29 12:50:59,human_labelled,0.833,0,False,mid_visit,CT14
CT14,14,CT14,11290877.JPG,2025-11-29 12:51:00,human_labelled,0.899,0,False,mid_visit,CT14
CT14,14,CT14,11290878.JPG,2025-11-29 12:51:00,human_labelled,0.865,0,False,mid_visit,CT14
CT14,14,CT14,11290879.JPG,2025-11-29 12:51:01,human_labelled,0.863,0,False,mid_visit,CT14
CT14,14,CT14,11290880.JPG,2025-11-29 12:51:10,human_labelled,0.968,0,False,mid_visit,CT14
CT14,14,CT14,11290881.JPG,2025-11-29 12:51:11,human_labelled,0.975,0,False,mid_visit,CT14
CT14,14,CT14,11290882.JPG,2025-11-29 12:51:12,human_labelled,0.976,0,False,mid_visit,CT14
CT14,14,CT14,11290883.JPG,2025-11-29 12:51:13,human_labelled,0.721,0,False,mid_visit,CT14
CT14,14,CT14,11290884.JPG,2025-11-29 12:51:13,human_labelled,0.94,0,False,mid_visit,CT14
CT14,14,CT14,11290885.JPG,2025-11-29 12:51:14,human_labelled,0.933,0,False,mid_visit,CT14
CT14,14,CT14,11290886.JPG,2025-11-29 12:51:21,human_labelled,0.975,0,False,mid_visit,CT14
CT14,14,CT14,11290887.JPG,2025-11-29 12:51:22,human_labelled,0.963,0,False,mid_visit,CT14
CT14,14,CT14,01030001.JPG,2026-01-03 15:41:01,counter_0001,,0,False,mid_visit,CT14
CT14,14,CT14,01080127.JPG,2026-01-08 14:44:33,human_labelled,0.967,0,False,retrieval,CT14
CT14,14,CT14,01080128.JPG,2026-01-08 14:44:33,human_labelled,0.964,0,False,retrieval,CT14
CT14,14,CT14,01080129.JPG,2026-01-08 14:44:34,human_labelled,0.969,0,False,retrieval,CT14
CT14,14,CT14,01080130.JPG,2026-01-08 14:44:35,human_labelled,0.97,0,False,retrieval,CT14
CT14,14,CT14,01080131.JPG,2026-01-08 14:44:36,human_labelled,0.97,0,False,retrieval,CT14
CT14,14,CT14,01080132.JPG,2026-01-08 14:44:36,human_labelled,0.965,0,False,retrieval,CT14
CT14,14,CT14,01080133.JPG,2026-01-08 14:44:44,human_labelled,0.958,0,False,retrieval,CT14
CT14,14,CT14,01080134.JPG,2026-01-08 14:44:45,human_labelled,0.95,0,False,retrieval,CT14
CT14,14,CT14,01080135.JPG,2026-01-08 14:44:46,human_labelled,0.95,0,False,retrieval,CT14
CT15,15,CT15,06090001.JPG,2025-06-09 15:46:58,counter_0001,,0,False,install,CT15
CT15,15,CT15,06090004.JPG,2025-06-09 16:26:48,human_labelled,0.904,0,False,install,CT15
CT15,15,CT15,06090005.JPG,2025-06-09 16:26:49,human_labelled,0.95,0,False,install,CT15
CT15,15,CT15,11250052.JPG,2025-11-25 11:43:27,human_labelled,0.957,0,False,retrieval,CT15
CT15,15,CT15,11250053.JPG,2025-11-25 11:43:28,human_labelled,0.969,0,False,retrieval,CT15
CT15,15,CT15,11250055.JPG,2025-11-25 11:43:53,human_labelled,0.859,0,False,retrieval,CT15
CT15,15,CT15,11250056.JPG,2025-11-25 11:43:53,human_labelled,0.93,0,False,retrieval,CT15
CT15,15,CT15,11250058.JPG,2025-11-25 11:44:12,human_labelled,0.972,0,False,retrieval,CT15
CT15,15,CT15,11250059.JPG,2025-11-25 11:44:13,human_labelled,0.966,0,False,retrieval,CT15
CT15,15,CT15,11250061.JPG,2025-11-25 11:44:32,human_labelled,0.972,0,False,retrieval,CT15
CT15,15,CT15,11250062.JPG,2025-11-25 11:44:33,human_labelled,0.974,0,False,retrieval,CT15
CT15,15,CT15,11250064.JPG,2025-11-25 11:44:51,human_labelled,0.974,0,False,retrieval,CT15
CT15,15,CT15,11250065.JPG,2025-11-25 11:44:52,human_labelled,0.969,0,False,retrieval,CT15
CT15,15,CT15,11250067.JPG,2025-11-25 11:45:11,human_labelled,0.601,0,False,retrieval,CT15
CT15,15,CT15,11250071.JPG,2025-11-25 11:45:33,human_labelled,0.955,0,False,retrieval,CT15
CT15,15,CT15,11250072.JPG,2025-11-25 11:45:56,human_labelled,0.693,0,False,retrieval,CT15
CT15,15,CT15,11250073.JPG,2025-11-25 11:45:57,human_labelled,0.603,0,False,retrieval,CT15
CT16,16,CT16,01010009.JPG,2017-01-01 00:00:00,segment_edge,,1,True,unknown,CT16
CT16,16,CT16,01010013.JPG,2017-01-01 00:00:00,segment_edge,,2,True,unknown,CT16
CT16,16,CT16,01010017.JPG,2017-01-01 00:00:00,segment_edge,,3,True,unknown,CT16
CT16,16,CT16,01010011.JPG,2017-01-01 00:00:02,segment_edge,,1,True,unknown,CT16
CT16,16,CT16,01010015.JPG,2017-01-01 00:00:02,segment_edge,,2,True,unknown,CT16
CT16,16,CT16,05010072.JPG,2017-05-10 23:33:06,human_labelled,0.904,3,True,unknown,CT16
CT16,16,CT16,05010073.JPG,2017-05-10 23:33:07,human_labelled,0.968,3,True,unknown,CT16
CT16,16,CT16,05010075.JPG,2017-05-10 23:33:23,human_labelled,0.963,3,True,unknown,CT16
CT16,16,CT16,05010076.JPG,2017-05-10 23:33:24,human_labelled,0.958,3,True,unknown,CT16
CT16,16,CT16,05010076.JPG,2017-05-10 23:33:24,segment_edge,,3,True,unknown,CT16
CT16,16,CT16,00300001.JPG,2025-06-09 16:19:27,human_labelled,0.964,0,True,install,CT16
CT16,16,CT16,00300001.JPG,2025-06-09 16:19:27,segment_edge,,0,True,install,CT16
CT16,16,CT16,00300002.JPG,2025-06-09 16:19:28,human_labelled,0.926,0,True,install,CT16
CT16,16,CT16,01230007.JPG,2025-07-04 12:15:11,segment_edge,,0,True,retrieval,CT16
CT17,17,CT17,01010008.JPG,2017-01-01 00:00:00,human_labelled,0.947,1,True,unknown,CT17
CT17,17,CT17,01010008.JPG,2017-01-01 00:00:00,segment_edge,,1,True,unknown,CT17
CT17,17,CT17,01010009.JPG,2017-01-01 00:00:01,human_labelled,0.977,1,True,unknown,CT17
CT17,17,CT17,01010009.JPG,2017-01-01 00:00:01,segment_edge,,1,True,unknown,CT17
CT17,17,CT17,06040001.JPG,2025-06-04 14:58:25,human_labelled,0.905,0,True,install,CT17
CT17,17,CT17,06040001.JPG,2025-06-04 14:58:25,segment_edge,,0,True,install,CT17
CT17,17,CT17,06040002.JPG,2025-06-04 14:58:26,human_labelled,0.739,0,True,install,CT17
CT17,17,CT17,06040003.JPG,2025-06-04 14:58:27,human_labelled,0.605,0,True,install,CT17
CT17,17,CT17,08170006.JPG,2025-08-17 08:43:56,segment_edge,,0,True,retrieval,CT17
CT18,18,CT18,07100001.JPG,2025-06-10 15:50:57,person_detection,0.305,0,True,install,CT18
CT18,18,CT18,07100002.JPG,2025-06-10 15:50:58,human_labelled,0.934,0,True,install,CT18
CT18,18,CT18,08010011.JPG,2025-07-02 16:26:57,human_labelled,0.761,0,True,mid_visit,CT18
CT18,18,CT18,08010012.JPG,2025-07-02 16:26:58,human_labelled,0.947,0,True,mid_visit,CT18
CT18,18,CT18,08010014.JPG,2025-07-02 16:31:35,human_labelled,0.972,0,True,mid_visit,CT18
CT18,18,CT18,08010015.JPG,2025-07-02 16:31:36,human_labelled,0.972,0,True,mid_visit,CT18
CT18,18,CT18,08010017.JPG,2025-07-02 16:47:11,human_labelled,0.643,0,True,mid_visit,CT18
CT18,18,CT18,08010018.JPG,2025-07-02 16:47:12,human_labelled,0.922,0,True,mid_visit,CT18
CT18,18,CT18,08010020.JPG,2025-07-02 16:47:36,human_labelled,0.904,0,True,mid_visit,CT18
CT18,18,CT18,08010021.JPG,2025-07-02 16:47:37,human_labelled,0.894,0,True,mid_visit,CT18
CT18,18,CT18,08010023.JPG,2025-07-02 16:47:56,human_labelled,0.966,0,True,mid_visit,CT18
CT18,18,CT18,08010024.JPG,2025-07-02 16:47:57,human_labelled,0.975,0,True,mid_visit,CT18
CT18,18,CT18,08010026.JPG,2025-07-02 16:48:19,human_labelled,0.663,0,True,mid_visit,CT18
CT18,18,CT18,08020030.JPG,2025-07-03 10:54:38,human_labelled,0.954,0,True,mid_visit,CT18
CT18,18,CT18,08020032.JPG,2025-07-03 11:01:50,human_labelled,0.93,0,True,mid_visit,CT18
CT18,18,CT18,08020033.JPG,2025-07-03 11:01:51,human_labelled,0.935,0,True,mid_visit,CT18
CT18,18,CT18,08020034.JPG,2025-07-03 11:01:52,human_labelled,0.968,0,True,mid_visit,CT18
CT18,18,CT18,08020036.JPG,2025-07-03 14:17:04,vehicle_labelled,0.36,0,True,mid_visit,CT18
CT18,18,CT18,08020037.JPG,2025-07-03 14:17:04,vehicle_labelled,0.925,0,True,mid_visit,CT18
CT18,18,CT18,08080042.JPG,2025-07-09 14:32:22,human_labelled,0.467,0,True,mid_visit,CT18
CT18,18,CT18,08080043.JPG,2025-07-09 14:32:23,vehicle_labelled,0.789,0,True,mid_visit,CT18
CT18,18,CT18,08180045.JPG,2025-07-19 16:36:04,vehicle_labelled,0.958,0,True,mid_visit,CT18
CT18,18,CT18,08180046.JPG,2025-07-19 16:36:05,vehicle_labelled,0.796,0,True,mid_visit,CT18
CT18,18,CT18,08190048.JPG,2025-07-20 17:29:31,vehicle_labelled,0.955,0,True,mid_visit,CT18
CT18,18,CT18,08190049.JPG,2025-07-20 17:29:32,vehicle_labelled,0.873,0,True,mid_visit,CT18
CT18,18,CT18,09110051.JPG,2025-08-12 15:06:29,human_labelled,0.604,0,True,mid_visit,CT18
CT18,18,CT18,09110052.JPG,2025-08-12 15:06:30,vehicle_labelled,0.869,0,True,mid_visit,CT18
CT18,18,CT18,09110054.JPG,2025-08-12 15:22:38,vehicle_labelled,0.905,0,True,mid_visit,CT18
CT18,18,CT18,09110055.JPG,2025-08-12 15:22:39,vehicle_labelled,0.821,0,True,mid_visit,CT18
CT19,19,CT19,06060001.JPG,2025-06-06 03:37:46,counter_0001,,0,False,install,CT19
CT19,19,CT19,11210190.JPG,2025-11-21 11:12:48,human_labelled,0.979,0,False,retrieval,CT19
CT19,19,CT19,11210191.JPG,2025-11-21 11:12:49,human_labelled,0.746,0,False,retrieval,CT19
CT20,20,CT20,06090001.JPG,2025-06-09 13:35:05,human_labelled,0.972,0,False,install,CT20
CT20,20,CT20,06090002.JPG,2025-06-09 13:35:06,human_labelled,0.963,0,False,install,CT20
CT20,20,CT20,12030400.JPG,2025-12-03 13:10:26,human_labelled,0.972,0,False,retrieval,CT20
CT20,20,CT20,12030401.JPG,2025-12-03 13:10:27,human_labelled,0.979,0,False,retrieval,CT20
CT21,21,CT21,06050001.JPG,2025-06-05 13:47:49,counter_0001,,0,False,install,CT21
CT21,21,CT21,06050002.JPG,2025-06-05 13:47:50,human_labelled,0.977,0,False,install,CT21
CT21,21,CT21,06050003.JPG,2025-06-05 13:47:51,human_labelled,0.969,0,False,install,CT21
CT21,21,CT21,06050004.JPG,2025-06-05 13:47:57,human_labelled,0.963,0,False,install,CT21
CT21,21,CT21,06050005.JPG,2025-06-05 13:47:58,human_labelled,0.974,0,False,install,CT21
CT21,21,CT21,06050006.JPG,2025-06-05 13:47:59,human_labelled,0.97,0,False,install,CT21
CT21,21,CT21,06050007.JPG,2025-06-05 13:48:13,human_labelled,0.918,0,False,install,CT21
CT21,21,CT21,06050008.JPG,2025-06-05 13:48:14,human_labelled,0.906,0,False,install,CT21
CT21,21,CT21,06050009.JPG,2025-06-05 13:48:15,human_labelled,0.906,0,False,install,CT21
CT22,22,CT22,IMAG0021.JPG,2026-01-14 11:33:02,human_labelled,0.878,0,False,retrieval,CT22
CT22,22,CT22,IMAG0022.JPG,2026-01-14 11:33:02,human_labelled,0.85,0,False,retrieval,CT22
CT22,22,CT22,IMAG0023.JPG,2026-01-14 11:33:03,human_labelled,0.891,0,False,retrieval,CT22
CT23,23,CT23,06100001.JPG,2025-06-10 12:24:17,human_labelled,0.918,0,True,install,CT23
CT23,23,CT23,06100002.JPG,2025-06-10 12:24:18,human_labelled,0.934,0,True,install,CT23
CT23,23,CT23,09050680.JPG,2025-09-05 01:00:13,human_labelled,0.453,0,True,mid_visit,CT23
CT23,23,CT23,10280001.JPG,2025-10-28 07:57:49,counter_0001,,0,True,mid_visit,CT23
CT23,23,CT23,12160001.JPG,2025-12-16 09:22:19,counter_0001,,0,True,mid_visit,CT23
CT24,24,CT24,06100001.JPG,2025-06-10 13:06:14,counter_0001,,0,False,install,CT24
CT24,24,CT24,06100002.JPG,2025-06-10 13:06:15,human_labelled,0.9,0,False,install,CT24
CT24,24,CT24,06100007.JPG,2025-06-10 13:06:43,human_labelled,0.96,0,False,install,CT24
CT24,24,CT24,06100008.JPG,2025-06-10 13:06:45,human_labelled,0.975,0,False,install,CT24
CT24,24,CT24,06100009.JPG,2025-06-10 13:06:46,human_labelled,0.916,0,False,install,CT24
CT24,24,CT24,06100010.JPG,2025-06-10 13:06:50,human_labelled,0.893,0,False,install,CT24
CT24,24,CT24,06100011.JPG,2025-06-10 13:06:51,human_labelled,0.877,0,False,install,CT24
CT24,24,CT24,01140446.JPG,2026-01-14 10:19:12,human_labelled,0.651,0,False,retrieval,CT24
CT24,24,CT24,01140451.JPG,2026-01-14 10:19:25,human_labelled,0.632,0,False,retrieval,CT24
CT24,24,CT24,01140452.JPG,2026-01-14 10:19:26,human_labelled,0.954,0,False,retrieval,CT24
CT24,24,CT24,01140453.JPG,2026-01-14 10:19:27,human_labelled,0.524,0,False,retrieval,CT24
CT25,25,CT25,06260001.JPG,2025-06-26 02:51:11,counter_0001,,0,False,install,CT25
CT26,26,CT26,06100001.JPG,2025-06-10 15:38:55,human_labelled,0.835,0,False,install,CT26
CT26,26,CT26,06100002.JPG,2025-06-10 15:38:56,human_labelled,0.973,0,False,install,CT26
CT26,26,CT26,06100003.JPG,2025-06-10 15:38:57,human_labelled,0.531,0,False,install,CT26
CT26,26,CT26,01140019.JPG,2026-01-14 12:17:12,human_labelled,0.959,0,False,retrieval,CT26
CT26,26,CT26,01140021.JPG,2026-01-14 12:17:14,person_detection,0.302,0,False,retrieval,CT26
CT26,26,CT26,01140022.JPG,2026-01-14 12:17:18,person_detection,0.35,0,False,retrieval,CT26
CT26,26,CT26,01140024.JPG,2026-01-14 12:17:20,human_labelled,0.826,0,False,retrieval,CT26
CT26,26,CT26,01140028.JPG,2026-01-14 12:17:29,human_labelled,0.875,0,False,retrieval,CT26
CT26,26,CT26,01140029.JPG,2026-01-14 12:17:29,human_labelled,0.952,0,False,retrieval,CT26
CT26,26,CT26,01140030.JPG,2026-01-14 12:17:30,human_labelled,0.957,0,False,retrieval,CT26
CT26,26,CT26,01140031.JPG,2026-01-14 12:17:33,human_labelled,0.805,0,False,retrieval,CT26
CT26,26,CT26,01140032.JPG,2026-01-14 12:17:34,human_labelled,0.849,0,False,retrieval,CT26
CT26,26,CT26,01140033.JPG,2026-01-14 12:17:35,human_labelled,0.879,0,False,retrieval,CT26
CT26,26,CT26,01140034.JPG,2026-01-14 12:17:38,human_labelled,0.874,0,False,retrieval,CT26
CT26,26,CT26,01140037.JPG,2026-01-14 12:17:43,human_labelled,0.524,0,False,retrieval,CT26
